15:58:09 [INFO] Starting GoXLR Daemon v1.2.4
15:58:09 [INFO] System Locale: en_US
15:58:09 [INFO] Performing Platform Preflight...
15:58:09 [DEBUG] (1) goxlr_daemon: HTTP Bind Address: localhost
15:58:09 [INFO] Created Path: /home/mahiru/.local/share/goxlr-utility/profiles
15:58:09 [INFO] Created Path: /home/mahiru/.local/share/goxlr-utility/mic-profiles
15:58:09 [INFO] Created Path: /home/mahiru/.local/share/goxlr-utility/presets
15:58:09 [INFO] Created Path: /home/mahiru/.local/share/goxlr-utility/icons
15:58:09 [INFO] Created Path: /home/mahiru/.local/share/goxlr-utility/samples/Recorded
15:58:09 [INFO] Created Path: /home/mahiru/.local/share/goxlr-utility/backups
15:58:09 [INFO] Bound IPC Socket @ Name(UdSocketPath("/tmp/goxlr.socket"))
15:58:09 [DEBUG] (14) goxlr_daemon::platform::linux::autostart: Found XDG AutoStart Path: "/home/mahiru/.config/autostart"
15:58:09 [DEBUG] (16) goxlr_daemon::servers::ipc_server: Running IPC Server..
15:58:09 [DEBUG] (14) goxlr_daemon::primary_worker: Performing Firmware Version Check..
15:58:09 [INFO] Started GoXLR configuration interface at http://localhost:14564/
15:58:09 [INFO] Starting TTS Service..
15:58:09 [DEBUG] (16) goxlr_daemon::events: Starting Event Loop..
15:58:09 [DEBUG] (14) goxlr_daemon::platform::linux::sleep: Spawning Sleep Handler..
15:58:09 [DEBUG] (2) goxlr_daemon::platform::linux::sleep: Attempting to Inhibit Sleep..
15:58:09 [DEBUG] (2) goxlr_daemon::platform::linux::sleep: Inhibitor Successfully Established.
15:58:09 [DEBUG] (2) goxlr_daemon::platform::linux::sleep: Awaiting Result from 'PrepareForSleep'
15:58:09 [DEBUG] (2) goxlr_daemon::platform::linux::sleep: Preparing Lock Proxy..
15:58:09 [DEBUG] (2) goxlr_daemon::platform::linux::sleep: Entering Signal Loop..
15:58:09 [DEBUG] (15) goxlr_daemon::primary_worker: Firmware Update Process Finished
16:19:14 [INFO] Starting GoXLR Daemon v1.2.4
16:19:14 [INFO] System Locale: en_US
16:19:14 [INFO] Performing Platform Preflight...
16:19:14 [DEBUG] (1) goxlr_daemon: HTTP Bind Address: localhost
16:19:14 [DEBUG] (1) goxlr_daemon::servers::ipc_server: Connection Failed. Socket File is stale, removing..
16:19:14 [INFO] Bound IPC Socket @ Name(UdSocketPath("/tmp/goxlr.socket"))
16:19:14 [DEBUG] (15) goxlr_daemon::platform::linux::autostart: Found XDG AutoStart Path: "/home/mahiru/.config/autostart"
16:19:14 [DEBUG] (16) goxlr_daemon::servers::ipc_server: Running IPC Server..
16:19:14 [INFO] Started GoXLR configuration interface at http://localhost:14564/
16:19:14 [INFO] Starting TTS Service..
16:19:14 [DEBUG] (11) goxlr_daemon::platform::linux::sleep: Spawning Sleep Handler..
16:19:14 [DEBUG] (13) goxlr_daemon::events: Starting Event Loop..
16:19:14 [DEBUG] (15) goxlr_daemon::primary_worker: Performing Firmware Version Check..
16:19:14 [DEBUG] (12) goxlr_daemon::platform::linux::sleep: Attempting to Inhibit Sleep..
16:19:14 [INFO] Connected to possible GoXLR device at Bus 001 Device 004: ID 1220:8fe4
16:19:14 [INFO] Found uninitialised GoXLR, attempting initialisation..
16:19:14 [DEBUG] (17) goxlr_daemon::platform::linux::sleep: Inhibitor Successfully Established.
16:19:14 [DEBUG] (17) goxlr_daemon::platform::linux::sleep: Awaiting Result from 'PrepareForSleep'
16:19:14 [DEBUG] (12) goxlr_daemon::platform::linux::sleep: Preparing Lock Proxy..
16:19:14 [DEBUG] (12) goxlr_daemon::platform::linux::sleep: Entering Signal Loop..
16:19:15 [DEBUG] (12) goxlr_daemon::primary_worker: Firmware Update Process Finished
16:19:16 [DEBUG] (2) goxlr_usb::device::libusb::device: Activating Vendor Interface...
16:19:16 [DEBUG] (2) goxlr_usb::device::libusb::device: Activating Audio...
16:19:16 [WARN] Initialisation complete. If you are using the JACK script, you may need to reboot for audio to work.
16:19:16 [DEBUG] (2) goxlr_usb::device::libusb::device: Handling initial request
16:19:16 [DEBUG] (2) goxlr_daemon::device: New Device Loading..
16:19:16 [INFO] Configuring GoXLR Mini, Profile: Default, Mic Profile: DEFAULT
16:19:16 [DEBUG] (2) goxlr_daemon::profile: Loading Profile From /home/mahiru/.local/share/goxlr-utility/profiles/Default.goxlr
16:19:16 [DEBUG] (2) goxlr_profile_loader::profile: Loading Profile Archive..
16:19:16 [DEBUG] (2) goxlr_profile_loader::profile: Attempting to read profile.xml..
16:19:16 [DEBUG] (2) goxlr_profile_loader::profile: Preparing Structure..
16:19:16 [DEBUG] (2) goxlr_profile_loader::profile: MixRoutingTree { mix: {Headphones: A, Broadcast: A, LineOut: A, ChatMic: A, Sampler: A, StreamMix2: A} }
16:19:16 [DEBUG] (2) goxlr_profile_loader::profile: SubMixer { submix_enabled: false, volume_table: {Mic: 0, Chat: 0, Music: 0, Game: 0, Console: 0, LineIn: 0, System: 0, Sample: 0}, monitor_tree: MonitorTree { monitored_output: Headphones, headphone_mix: A, routing: {Mic: 8192, Chat: 8192, Music: 8192, Game: 8192, Console: 8192, LineIn: 8192, System: 8192, Sample: 8192} }, linking_tree: LinkingTree { linked_list: {Mic: true, Chat: true, Music: true, Game: true, Console: true, LineIn: true, System: true, Sample: true}, linked_ratio: {Mic: 1.0, Chat: 1.0, Music: 1.0, Game: 1.0, Console: 1.0, LineIn: 1.0, System: 1.0, Sample: 1.0} } }
16:19:16 [DEBUG] (2) goxlr_daemon::device: Profile Successfully Loaded, Performing Backup..
16:19:16 [DEBUG] (2) goxlr_profile_loader::profile: Creating Temporary Save File: "/home/mahiru/.local/share/goxlr-utility/backups/Default.tmp"
16:19:16 [DEBUG] (2) goxlr_profile_loader::profile: Save Complete and synced, renaming to "/home/mahiru/.local/share/goxlr-utility/backups/Default.goxlr"
16:19:16 [DEBUG] (2) goxlr_profile_loader::profile: Renaming "/home/mahiru/.local/share/goxlr-utility/backups/Default.tmp" to "/home/mahiru/.local/share/goxlr-utility/backups/Default.goxlr"
16:19:16 [DEBUG] (2) goxlr_daemon::device: Main Profile Backup Complete
16:19:16 [DEBUG] (2) goxlr_daemon::device: Mic Profile Successfully Loaded, Performing Backup..
16:19:16 [DEBUG] (2) goxlr_profile_loader::mic_profile: Creating Temporary Save File: "/home/mahiru/.local/share/goxlr-utility/backups/DEFAULT.tmp"
16:19:16 [DEBUG] (2) goxlr_profile_loader::mic_profile: Save Complete and synced, renaming to "/home/mahiru/.local/share/goxlr-utility/backups/DEFAULT.goxlrMicProfile"
16:19:16 [DEBUG] (2) goxlr_profile_loader::mic_profile: Renaming "/home/mahiru/.local/share/goxlr-utility/backups/DEFAULT.tmp" to "/home/mahiru/.local/share/goxlr-utility/backups/DEFAULT.goxlrMicProfile"
16:19:16 [DEBUG] (2) goxlr_daemon::device: Mic Profile Backup Complete
16:19:16 [DEBUG] (2) goxlr_daemon::device: Not Spawning Audio Handler, Device is Mini!
16:19:16 [DEBUG] (2) goxlr_daemon::device: --- DEVICE INFO ---
16:19:16 [DEBUG] (2) goxlr_daemon::device: Serial: "S211201578DI7"
16:19:16 [DEBUG] (2) goxlr_daemon::device: Firmware: 1.1.8.43
16:19:16 [DEBUG] (2) goxlr_daemon::device: DICE: 1.1.8.43
16:19:16 [DEBUG] (2) goxlr_daemon::device: Type: Mini
16:19:16 [DEBUG] (2) goxlr_daemon::device: -------------------
16:19:16 [DEBUG] (2) goxlr_daemon::device: Applying Profile..
16:19:16 [DEBUG] (2) goxlr_daemon::device: Setting Faders..
16:19:16 [DEBUG] (2) goxlr_daemon::device: Setting Fader A to Mic
16:19:16 [DEBUG] (2) goxlr_daemon::device: Setting Fader B to Music
16:19:17 [DEBUG] (2) goxlr_daemon::device: Setting Fader C to Chat
16:19:17 [DEBUG] (2) goxlr_daemon::device: Setting Fader D to System
16:19:17 [DEBUG] (2) goxlr_daemon::device: Setting Mute States..
16:19:17 [DEBUG] (2) goxlr_daemon::device: Applying Microphone Mute State
16:19:17 [DEBUG] (2) goxlr_daemon::device: Setting Mic to Unmuted
16:19:17 [DEBUG] (2) goxlr_daemon::device: Unknown Channel state for LineIn, Unmuting.
16:19:17 [DEBUG] (2) goxlr_daemon::device: Unknown Channel state for Console, Unmuting.
16:19:17 [DEBUG] (2) goxlr_daemon::device: Channel System on Fader, Loading State from Profile
16:19:17 [DEBUG] (2) goxlr_daemon::device: Channel System set to Unmuted (no previous)
16:19:17 [DEBUG] (2) goxlr_daemon::device: Unknown Channel state for Game, Unmuting.
16:19:17 [DEBUG] (2) goxlr_daemon::device: Channel Chat on Fader, Loading State from Profile
16:19:17 [DEBUG] (2) goxlr_daemon::device: Channel Chat set to Unmuted (no previous)
16:19:17 [DEBUG] (2) goxlr_daemon::device: Unknown Channel state for Sample, Unmuting.
16:19:17 [DEBUG] (2) goxlr_daemon::device: Channel Music on Fader, Loading State from Profile
16:19:17 [DEBUG] (2) goxlr_daemon::device: Channel Music set to Unmuted (no previous)
16:19:17 [DEBUG] (2) goxlr_daemon::device: Unknown Channel state for Headphones, Unmuting.
16:19:17 [DEBUG] (2) goxlr_daemon::device: Unknown Channel state for MicMonitor, Unmuting.
16:19:17 [DEBUG] (2) goxlr_daemon::device: Unknown Channel state for LineOut, Unmuting.
16:19:17 [DEBUG] (2) goxlr_daemon::device: Setting Channel Volumes..
16:19:17 [DEBUG] (2) goxlr_daemon::device: No reference volumes, sending channels in order
16:19:17 [DEBUG] (2) goxlr_daemon::device: Setting volume for Mic to 202
16:19:17 [DEBUG] (2) goxlr_daemon::device: Setting volume for LineIn to 128
16:19:17 [DEBUG] (2) goxlr_daemon::device: Setting volume for Console to 128
16:19:17 [DEBUG] (2) goxlr_daemon::device: Setting volume for System to 126
16:19:17 [DEBUG] (2) goxlr_daemon::device: Setting volume for Game to 128
16:19:17 [DEBUG] (2) goxlr_daemon::device: Setting volume for Chat to 124
16:19:17 [DEBUG] (2) goxlr_daemon::device: Setting volume for Sample to 255
16:19:17 [DEBUG] (2) goxlr_daemon::device: Setting volume for Music to 123
16:19:17 [DEBUG] (2) goxlr_daemon::device: Setting volume for Headphones to 255
16:19:17 [DEBUG] (2) goxlr_daemon::device: Setting volume for MicMonitor to 255
16:19:17 [DEBUG] (2) goxlr_daemon::device: Setting volume for LineOut to 255
16:19:17 [DEBUG] (2) goxlr_daemon::device: Applying Submixing Settings..
16:19:17 [DEBUG] (2) goxlr_daemon::device: Loading Colour Map..
16:19:17 [DEBUG] (2) goxlr_daemon::device: Setting Fader display modes..
16:19:17 [DEBUG] (2) goxlr_daemon::device: Setting display for A
16:19:17 [DEBUG] (2) goxlr_daemon::device: Setting display for B
16:19:17 [DEBUG] (2) goxlr_daemon::device: Setting display for C
16:19:17 [DEBUG] (2) goxlr_daemon::device: Setting display for D
16:19:17 [DEBUG] (2) goxlr_daemon::device: Updating button states..
16:19:17 [DEBUG] (2) goxlr_daemon::device: Applying Routing..
16:19:17 [DEBUG] (2) goxlr_daemon::device: IsStreamNoMusic: false
16:19:17 [DEBUG] (2) goxlr_daemon::device: Applying Routing to Microphone:
16:19:17 [DEBUG] (2) goxlr_daemon::device: IsStreamNoMusic: false
16:19:17 [DEBUG] (2) goxlr_daemon::device: Applying Routing to Chat:
16:19:17 [DEBUG] (2) goxlr_daemon::device: IsStreamNoMusic: false
16:19:17 [DEBUG] (2) goxlr_daemon::device: Applying Routing to Music:
16:19:17 [DEBUG] (2) goxlr_daemon::device: Light HardTune Enabled for Channel: Music
16:19:17 [DEBUG] (2) goxlr_daemon::device: IsStreamNoMusic: false
16:19:17 [DEBUG] (2) goxlr_daemon::device: Applying Routing to Game:
16:19:17 [DEBUG] (2) goxlr_daemon::device: Light HardTune Enabled for Channel: Game
16:19:18 [DEBUG] (2) goxlr_daemon::device: IsStreamNoMusic: false
16:19:18 [DEBUG] (2) goxlr_daemon::device: Applying Routing to Console:
16:19:18 [DEBUG] (2) goxlr_daemon::device: IsStreamNoMusic: false
16:19:18 [DEBUG] (2) goxlr_daemon::device: Applying Routing to LineIn:
16:19:18 [DEBUG] (2) goxlr_daemon::device: Light HardTune Enabled for Channel: LineIn
16:19:18 [DEBUG] (2) goxlr_daemon::device: IsStreamNoMusic: false
16:19:18 [DEBUG] (2) goxlr_daemon::device: Applying Routing to System:
16:19:18 [DEBUG] (2) goxlr_daemon::device: Light HardTune Enabled for Channel: System
16:19:18 [DEBUG] (2) goxlr_daemon::device: IsStreamNoMusic: false
16:19:18 [DEBUG] (2) goxlr_daemon::device: Applying Routing to Samples:
16:19:18 [DEBUG] (2) goxlr_daemon::device: Applying Voice FX
16:19:18 [DEBUG] (2) goxlr_daemon::device: Validating Sampler Configuration..
16:19:18 [DEBUG] (2) goxlr_daemon::device: Setting GateAttack to 0
16:19:18 [DEBUG] (2) goxlr_daemon::device: Setting Equalizer63HzFrequency to 40
16:19:18 [DEBUG] (2) goxlr_daemon::device: Setting GateMode to 2
16:19:18 [DEBUG] (2) goxlr_daemon::device: Setting Equalizer8KHzGain to 0
16:19:18 [DEBUG] (2) goxlr_daemon::device: Setting CompressorRatio to 9
16:19:18 [DEBUG] (2) goxlr_daemon::device: Setting Equalizer250HzFrequency to 87
16:19:18 [DEBUG] (2) goxlr_daemon::device: Setting Equalizer4KHzGain to 0
16:19:18 [DEBUG] (2) goxlr_daemon::device: Setting CompressorThreshold to 0
16:19:18 [DEBUG] (2) goxlr_daemon::device: Setting Equalizer16KHzGain to 0
16:19:18 [DEBUG] (2) goxlr_daemon::device: Setting GateRelease to 19
16:19:18 [DEBUG] (2) goxlr_daemon::device: Setting DeEsser to 0
16:19:18 [DEBUG] (2) goxlr_daemon::device: Setting Equalizer63HzGain to 0
16:19:18 [DEBUG] (2) goxlr_daemon::device: Setting Equalizer2KHzFrequency to 159
16:19:18 [DEBUG] (2) goxlr_daemon::device: Setting Equalizer8KHzFrequency to 207
16:19:18 [DEBUG] (2) goxlr_daemon::device: Setting Equalizer4KHzFrequency to 183
16:19:18 [DEBUG] (2) goxlr_daemon::device: Setting BleepLevel to -10
16:19:18 [DEBUG] (2) goxlr_daemon::device: Setting Equalizer250HzGain to 0
16:19:18 [DEBUG] (2) goxlr_daemon::device: Setting GateThreshold to -59
16:19:18 [DEBUG] (2) goxlr_daemon::device: Setting Equalizer31HzFrequency to 16
16:19:18 [DEBUG] (2) goxlr_daemon::device: Setting Equalizer2KHzGain to 0
16:19:18 [DEBUG] (2) goxlr_daemon::device: Setting MicInputMute to 0
16:19:18 [DEBUG] (2) goxlr_daemon::device: Setting Equalizer1KHzFrequency to 135
16:19:18 [DEBUG] (2) goxlr_daemon::device: Setting GateEnabled to 1
16:19:18 [DEBUG] (2) goxlr_daemon::device: Setting Equalizer125HzGain to 0
16:19:18 [DEBUG] (2) goxlr_daemon::device: Setting GateAttenuation to -61
16:19:18 [DEBUG] (2) goxlr_daemon::device: Setting CompressorAttack to 1
16:19:18 [DEBUG] (2) goxlr_daemon::device: Setting Equalizer500HzFrequency to 111
16:19:18 [DEBUG] (2) goxlr_daemon::device: Setting CompressorMakeUpGain to 0
16:19:18 [DEBUG] (2) goxlr_daemon::device: Setting CompressorRelease to 9
16:19:18 [DEBUG] (2) goxlr_daemon::device: Setting Equalizer500HzGain to 0
16:19:18 [DEBUG] (2) goxlr_daemon::device: Setting Equalizer1KHzGain to 0
16:19:18 [DEBUG] (2) goxlr_daemon::device: Setting Equalizer31HzGain to 0
16:19:18 [DEBUG] (2) goxlr_daemon::device: Setting Equalizer125HzFrequency to 63
16:19:18 [DEBUG] (2) goxlr_daemon::device: Setting Equalizer16KHzFrequency to 231
16:19:18 [DEBUG] (2) goxlr_daemon::settings: Saving Settings
16:19:18 [DEBUG] (2) goxlr_daemon::settings: Creating Temporary Save File: "/home/mahiru/.config/goxlr-utility/settings.tmp"
16:19:18 [DEBUG] (2) goxlr_daemon::settings: Save Complete and synced, renaming to "/home/mahiru/.config/goxlr-utility/settings.json"
16:19:18 [DEBUG] (2) goxlr_daemon::settings: Target exists, removing..
16:19:18 [DEBUG] (2) goxlr_daemon::settings: Renaming "/home/mahiru/.config/goxlr-utility/settings.tmp" to "/home/mahiru/.config/goxlr-utility/settings.json"
16:19:18 [DEBUG] (2) goxlr_daemon::settings: Settings Saved.
16:19:18 [DEBUG] (2) goxlr_daemon::device: Updating REVERB value from 15 to 0 as human moved the dial
16:19:18 [DEBUG] (2) goxlr_daemon::device: Setting ReverbAmount to -36
16:19:24 [DEBUG] (17) goxlr_daemon::profile: Setting Fader Style to: TwoColour
16:19:24 [DEBUG] (17) goxlr_daemon::profile: Setting Fader Style to: TwoColour
16:19:24 [DEBUG] (17) goxlr_daemon::profile: Setting Fader Style to: TwoColour
16:19:24 [DEBUG] (17) goxlr_daemon::profile: Setting Fader Style to: TwoColour
16:20:07 [DEBUG] (17) goxlr_daemon::profile: Setting Fader Style to: TwoColour
16:20:07 [DEBUG] (17) goxlr_daemon::profile: Setting Fader Style to: TwoColour
16:20:07 [DEBUG] (17) goxlr_daemon::profile: Setting Fader Style to: TwoColour
16:20:07 [DEBUG] (17) goxlr_daemon::profile: Setting Fader Style to: TwoColour
16:20:07 [DEBUG] (17) goxlr_daemon::profile: Setting Fader Style to: TwoColour
16:20:07 [DEBUG] (17) goxlr_daemon::profile: Setting Fader Style to: TwoColour
16:20:07 [DEBUG] (17) goxlr_daemon::profile: Setting Fader Style to: TwoColour
16:20:07 [DEBUG] (17) goxlr_daemon::profile: Setting Fader Style to: TwoColour
16:20:34 [DEBUG] (17) goxlr_daemon::device: Setting GateThreshold to -58
16:20:34 [DEBUG] (17) goxlr_daemon::device: Setting GateThreshold to -52
16:20:34 [DEBUG] (13) goxlr_daemon::device: Setting GateThreshold to -50
16:20:35 [DEBUG] (13) goxlr_daemon::device: Setting GateThreshold to -52
16:20:35 [DEBUG] (13) goxlr_daemon::device: Setting GateThreshold to -59
16:22:36 [DEBUG] (17) goxlr_daemon::device: Updating Music volume from 123 to 124 as a human moved the fader
16:22:36 [DEBUG] (17) goxlr_daemon::device: Updating Music volume from 124 to 128 as a human moved the fader
16:22:36 [DEBUG] (17) goxlr_daemon::device: Updating Music volume from 128 to 130 as a human moved the fader
16:22:36 [DEBUG] (17) goxlr_daemon::device: Updating Music volume from 130 to 132 as a human moved the fader
16:22:36 [DEBUG] (17) goxlr_daemon::device: Updating Music volume from 132 to 134 as a human moved the fader
16:22:36 [DEBUG] (17) goxlr_daemon::device: Updating Music volume from 134 to 136 as a human moved the fader
16:22:36 [DEBUG] (17) goxlr_daemon::device: Updating Music volume from 136 to 138 as a human moved the fader
16:22:36 [DEBUG] (17) goxlr_daemon::device: Updating Music volume from 138 to 140 as a human moved the fader
16:22:36 [DEBUG] (17) goxlr_daemon::device: Updating Music volume from 140 to 142 as a human moved the fader
16:22:37 [DEBUG] (2) goxlr_daemon::device: Updating Music volume from 142 to 138 as a human moved the fader
16:22:37 [DEBUG] (2) goxlr_daemon::device: Updating Music volume from 138 to 136 as a human moved the fader
16:22:37 [DEBUG] (2) goxlr_daemon::device: Updating Music volume from 136 to 134 as a human moved the fader
16:22:37 [DEBUG] (2) goxlr_daemon::device: Updating Music volume from 134 to 132 as a human moved the fader
16:22:37 [DEBUG] (2) goxlr_daemon::device: Updating Music volume from 132 to 130 as a human moved the fader
16:22:37 [DEBUG] (2) goxlr_daemon::device: Updating Music volume from 130 to 128 as a human moved the fader
16:22:37 [DEBUG] (2) goxlr_daemon::device: Updating Music volume from 128 to 126 as a human moved the fader
16:22:37 [DEBUG] (2) goxlr_daemon::device: Updating Music volume from 126 to 124 as a human moved the fader
16:22:37 [DEBUG] (2) goxlr_daemon::device: Updating Music volume from 124 to 122 as a human moved the fader
16:22:37 [DEBUG] (2) goxlr_daemon::device: Updating Music volume from 122 to 120 as a human moved the fader
16:22:37 [DEBUG] (2) goxlr_daemon::device: Updating Music volume from 120 to 118 as a human moved the fader
16:22:37 [DEBUG] (2) goxlr_daemon::device: Updating Music volume from 118 to 116 as a human moved the fader
16:22:37 [DEBUG] (2) goxlr_daemon::device: Updating Music volume from 116 to 114 as a human moved the fader
16:22:37 [DEBUG] (2) goxlr_daemon::device: Updating Music volume from 114 to 112 as a human moved the fader
16:22:37 [DEBUG] (2) goxlr_daemon::device: Updating Music volume from 112 to 110 as a human moved the fader
16:22:37 [DEBUG] (2) goxlr_daemon::device: Updating Music volume from 110 to 108 as a human moved the fader
16:22:38 [DEBUG] (2) goxlr_daemon::device: Updating Music volume from 108 to 106 as a human moved the fader
16:22:38 [DEBUG] (2) goxlr_daemon::device: Updating Music volume from 106 to 104 as a human moved the fader
16:22:38 [DEBUG] (2) goxlr_daemon::device: Updating Music volume from 104 to 102 as a human moved the fader
16:22:38 [DEBUG] (2) goxlr_daemon::device: Updating Music volume from 102 to 100 as a human moved the fader
16:22:38 [DEBUG] (2) goxlr_daemon::device: Updating Music volume from 100 to 98 as a human moved the fader
16:22:38 [DEBUG] (2) goxlr_daemon::device: Updating Music volume from 98 to 96 as a human moved the fader
16:22:38 [DEBUG] (2) goxlr_daemon::device: Updating Music volume from 96 to 94 as a human moved the fader
16:22:38 [DEBUG] (2) goxlr_daemon::device: Updating Music volume from 94 to 92 as a human moved the fader
16:22:38 [DEBUG] (2) goxlr_daemon::device: Updating Music volume from 92 to 90 as a human moved the fader
16:22:38 [DEBUG] (2) goxlr_daemon::device: Updating Music volume from 90 to 88 as a human moved the fader
16:22:38 [DEBUG] (2) goxlr_daemon::device: Updating Music volume from 88 to 86 as a human moved the fader
16:22:38 [DEBUG] (2) goxlr_daemon::device: Updating Music volume from 86 to 82 as a human moved the fader
16:22:38 [DEBUG] (2) goxlr_daemon::device: Updating Music volume from 82 to 80 as a human moved the fader
16:22:38 [DEBUG] (2) goxlr_daemon::device: Updating Music volume from 80 to 76 as a human moved the fader
16:22:38 [DEBUG] (2) goxlr_daemon::device: Updating Music volume from 76 to 74 as a human moved the fader
16:22:38 [DEBUG] (2) goxlr_daemon::device: Updating Music volume from 74 to 70 as a human moved the fader
16:22:38 [DEBUG] (2) goxlr_daemon::device: Updating Music volume from 70 to 68 as a human moved the fader
16:22:38 [DEBUG] (2) goxlr_daemon::device: Updating Music volume from 68 to 64 as a human moved the fader
16:22:38 [DEBUG] (2) goxlr_daemon::device: Updating Music volume from 64 to 62 as a human moved the fader
16:22:38 [DEBUG] (2) goxlr_daemon::device: Updating Music volume from 62 to 55 as a human moved the fader
16:22:38 [DEBUG] (2) goxlr_daemon::device: Updating Music volume from 55 to 50 as a human moved the fader
16:22:38 [DEBUG] (2) goxlr_daemon::device: Updating Music volume from 50 to 44 as a human moved the fader
16:22:38 [DEBUG] (2) goxlr_daemon::device: Updating Music volume from 44 to 38 as a human moved the fader
16:22:38 [DEBUG] (2) goxlr_daemon::device: Updating Music volume from 38 to 33 as a human moved the fader
16:22:38 [DEBUG] (2) goxlr_daemon::device: Updating Music volume from 33 to 26 as a human moved the fader
16:22:38 [DEBUG] (2) goxlr_daemon::device: Updating Music volume from 26 to 20 as a human moved the fader
16:22:38 [DEBUG] (2) goxlr_daemon::device: Updating Music volume from 20 to 16 as a human moved the fader
16:22:38 [DEBUG] (2) goxlr_daemon::device: Updating Music volume from 16 to 12 as a human moved the fader
16:22:38 [DEBUG] (2) goxlr_daemon::device: Updating Music volume from 12 to 8 as a human moved the fader
16:22:38 [DEBUG] (2) goxlr_daemon::device: Updating Music volume from 8 to 3 as a human moved the fader
16:22:38 [DEBUG] (2) goxlr_daemon::device: Updating Music volume from 3 to 1 as a human moved the fader
16:22:43 [DEBUG] (2) goxlr_daemon::device: Setting Mix volume for MicMonitor to 254
16:22:43 [DEBUG] (17) goxlr_daemon::device: Setting Mix volume for MicMonitor to 243
16:22:43 [DEBUG] (2) goxlr_daemon::device: Setting Mix volume for MicMonitor to 234
16:22:43 [DEBUG] (17) goxlr_daemon::device: Setting Mix volume for MicMonitor to 220
16:22:43 [DEBUG] (2) goxlr_daemon::device: Setting Mix volume for MicMonitor to 205
16:22:43 [DEBUG] (17) goxlr_daemon::device: Setting Mix volume for MicMonitor to 185
16:22:43 [DEBUG] (2) goxlr_daemon::device: Setting Mix volume for MicMonitor to 169
16:22:43 [DEBUG] (17) goxlr_daemon::device: Setting Mix volume for MicMonitor to 158
16:22:44 [DEBUG] (17) goxlr_daemon::device: Setting Mix volume for MicMonitor to 160
16:22:44 [DEBUG] (17) goxlr_daemon::device: Setting Mix volume for MicMonitor to 164
16:22:45 [DEBUG] (17) goxlr_daemon::device: Setting Mix volume for MicMonitor to 162
16:22:46 [DEBUG] (17) goxlr_daemon::device: Setting Mix volume for MicMonitor to 162
16:22:47 [DEBUG] (2) goxlr_daemon::device: Setting Mix volume for Headphones to 254
16:22:47 [DEBUG] (17) goxlr_daemon::device: Setting Mix volume for Headphones to 247
16:22:47 [DEBUG] (2) goxlr_daemon::device: Setting Mix volume for Headphones to 236
16:22:47 [DEBUG] (17) goxlr_daemon::device: Setting Mix volume for Headphones to 229
16:22:47 [DEBUG] (2) goxlr_daemon::device: Setting Mix volume for Headphones to 225
16:22:47 [DEBUG] (17) goxlr_daemon::device: Setting Mix volume for Headphones to 216
16:22:47 [DEBUG] (2) goxlr_daemon::device: Setting Mix volume for Headphones to 205
16:22:47 [DEBUG] (17) goxlr_daemon::device: Setting Mix volume for Headphones to 196
16:22:47 [DEBUG] (17) goxlr_daemon::device: Setting Mix volume for Headphones to 178
16:22:47 [DEBUG] (2) goxlr_daemon::device: Setting Mix volume for Headphones to 162
16:22:47 [DEBUG] (2) goxlr_daemon::device: Setting Mix volume for Headphones to 162
16:22:47 [DEBUG] (2) goxlr_daemon::device: Setting Mix volume for Headphones to 171
16:22:47 [DEBUG] (13) goxlr_daemon::device: Setting Mix volume for Headphones to 200
16:22:47 [DEBUG] (2) goxlr_daemon::device: Setting Mix volume for Headphones to 220
16:22:48 [DEBUG] (13) goxlr_daemon::device: Setting Mix volume for Headphones to 234
16:22:48 [DEBUG] (2) goxlr_daemon::device: Setting Mix volume for Headphones to 247
16:22:48 [DEBUG] (13) goxlr_daemon::device: Setting Mix volume for Headphones to 255
16:22:49 [DEBUG] (2) goxlr_daemon::device: Setting Mix volume for MicMonitor to 173
16:22:49 [DEBUG] (13) goxlr_daemon::device: Setting Mix volume for MicMonitor to 176
16:22:50 [DEBUG] (13) goxlr_daemon::device: Setting Mix volume for MicMonitor to 178
16:22:50 [DEBUG] (2) goxlr_daemon::device: Setting Mix volume for MicMonitor to 193
16:22:50 [DEBUG] (13) goxlr_daemon::device: Setting Mix volume for MicMonitor to 205
16:22:50 [DEBUG] (2) goxlr_daemon::device: Setting Mix volume for MicMonitor to 209
16:22:50 [DEBUG] (13) goxlr_daemon::device: Setting Mix volume for MicMonitor to 216
16:22:50 [DEBUG] (2) goxlr_daemon::device: Setting Mix volume for MicMonitor to 214
16:22:50 [DEBUG] (17) goxlr_daemon::device: Setting Mix volume for MicMonitor to 209
16:22:50 [DEBUG] (15) goxlr_daemon::device: Setting Mix volume for MicMonitor to 205
16:22:50 [DEBUG] (17) goxlr_daemon::device: Setting Mix volume for MicMonitor to 202
16:22:50 [DEBUG] (15) goxlr_daemon::device: Setting Mix volume for MicMonitor to 198
16:22:50 [DEBUG] (17) goxlr_daemon::device: Setting Mix volume for MicMonitor to 196
16:22:51 [DEBUG] (15) goxlr_daemon::device: Setting Mix volume for MicMonitor to 193
16:22:51 [DEBUG] (15) goxlr_daemon::device: Setting Mix volume for MicMonitor to 191
16:22:51 [DEBUG] (13) goxlr_daemon::device: Setting Mix volume for MicMonitor to 189
16:22:51 [DEBUG] (13) goxlr_daemon::device: Setting Mix volume for MicMonitor to 187
16:22:51 [DEBUG] (15) goxlr_daemon::device: Setting Mix volume for MicMonitor to 182
16:22:51 [DEBUG] (13) goxlr_daemon::device: Setting Mix volume for MicMonitor to 180
16:22:51 [DEBUG] (15) goxlr_daemon::device: Setting Mix volume for MicMonitor to 178
16:22:51 [DEBUG] (15) goxlr_daemon::device: Setting Mix volume for MicMonitor to 176
16:22:52 [DEBUG] (15) goxlr_daemon::device: Setting Mix volume for MicMonitor to 176
16:23:03 [DEBUG] (15) goxlr_daemon::device: Handling Button Down: Fader1Mute
16:23:03 [DEBUG] (13) goxlr_daemon::device: Handling Button Release: Fader1Mute, Has Long Press Handled: false
16:23:04 [DEBUG] (13) goxlr_daemon::device: IsStreamNoMusic: false
16:23:04 [DEBUG] (13) goxlr_daemon::device: Applying Routing to Microphone:
16:23:04 [DEBUG] (13) goxlr_daemon::tts: Received TTS Message: Mic Muted
16:23:05 [DEBUG] (15) goxlr_daemon::device: Handling Button Down: Fader1Mute
16:23:05 [DEBUG] (13) goxlr_daemon::device: Handling Button Release: Fader1Mute, Has Long Press Handled: false
16:23:05 [DEBUG] (13) goxlr_daemon::device: Setting MicInputMute to 0
16:23:05 [DEBUG] (13) goxlr_daemon::device: IsStreamNoMusic: false
16:23:05 [DEBUG] (13) goxlr_daemon::device: Applying Routing to Microphone:
16:23:05 [DEBUG] (13) goxlr_daemon::tts: Received TTS Message: Mic unmuted
16:23:56 [DEBUG] (15) goxlr_daemon::device: Updating System volume from 126 to 127 as a human moved the fader
16:23:56 [DEBUG] (15) goxlr_daemon::device: Updating System volume from 127 to 134 as a human moved the fader
16:23:56 [DEBUG] (15) goxlr_daemon::device: Updating System volume from 134 to 140 as a human moved the fader
16:23:56 [DEBUG] (15) goxlr_daemon::device: Updating System volume from 140 to 146 as a human moved the fader
16:23:56 [DEBUG] (15) goxlr_daemon::device: Updating System volume from 146 to 152 as a human moved the fader
16:23:56 [DEBUG] (15) goxlr_daemon::device: Updating System volume from 152 to 157 as a human moved the fader
16:23:56 [DEBUG] (15) goxlr_daemon::device: Updating System volume from 157 to 162 as a human moved the fader
16:23:56 [DEBUG] (15) goxlr_daemon::device: Updating System volume from 162 to 167 as a human moved the fader
16:23:56 [DEBUG] (15) goxlr_daemon::device: Updating System volume from 167 to 171 as a human moved the fader
16:23:56 [DEBUG] (15) goxlr_daemon::device: Updating System volume from 171 to 175 as a human moved the fader
16:23:56 [DEBUG] (15) goxlr_daemon::device: Updating System volume from 175 to 177 as a human moved the fader
16:23:58 [DEBUG] (13) goxlr_daemon::device: Updating System volume from 177 to 181 as a human moved the fader
16:23:58 [DEBUG] (13) goxlr_daemon::device: Updating System volume from 181 to 196 as a human moved the fader
16:23:58 [DEBUG] (13) goxlr_daemon::device: Updating System volume from 196 to 208 as a human moved the fader
16:23:58 [DEBUG] (13) goxlr_daemon::device: Updating System volume from 208 to 218 as a human moved the fader
16:23:59 [DEBUG] (13) goxlr_daemon::device: Updating System volume from 218 to 228 as a human moved the fader
16:23:59 [DEBUG] (13) goxlr_daemon::device: Updating System volume from 228 to 233 as a human moved the fader
16:23:59 [DEBUG] (13) goxlr_daemon::device: Updating System volume from 233 to 238 as a human moved the fader
16:23:59 [DEBUG] (13) goxlr_daemon::device: Updating System volume from 238 to 242 as a human moved the fader
16:23:59 [DEBUG] (13) goxlr_daemon::device: Updating Chat volume from 124 to 126 as a human moved the fader
16:23:59 [DEBUG] (13) goxlr_daemon::device: Updating Chat volume from 126 to 134 as a human moved the fader
16:23:59 [DEBUG] (13) goxlr_daemon::device: Updating Chat volume from 134 to 141 as a human moved the fader
16:23:59 [DEBUG] (13) goxlr_daemon::device: Updating Chat volume from 141 to 147 as a human moved the fader
16:23:59 [DEBUG] (13) goxlr_daemon::device: Updating Chat volume from 147 to 153 as a human moved the fader
16:23:59 [DEBUG] (13) goxlr_daemon::device: Updating Chat volume from 153 to 158 as a human moved the fader
16:24:00 [DEBUG] (13) goxlr_daemon::device: Updating Music volume from 1 to 13 as a human moved the fader
16:24:00 [DEBUG] (13) goxlr_daemon::device: Updating Music volume from 13 to 26 as a human moved the fader
16:24:00 [DEBUG] (13) goxlr_daemon::device: Updating Music volume from 26 to 37 as a human moved the fader
16:24:00 [DEBUG] (13) goxlr_daemon::device: Updating Music volume from 37 to 54 as a human moved the fader
16:24:00 [DEBUG] (13) goxlr_daemon::device: Updating Music volume from 54 to 70 as a human moved the fader
16:24:00 [DEBUG] (13) goxlr_daemon::device: Updating Music volume from 70 to 87 as a human moved the fader
16:24:00 [DEBUG] (13) goxlr_daemon::device: Updating Music volume from 87 to 103 as a human moved the fader
16:24:00 [DEBUG] (13) goxlr_daemon::device: Updating Music volume from 103 to 115 as a human moved the fader
16:24:00 [DEBUG] (13) goxlr_daemon::device: Updating Music volume from 115 to 125 as a human moved the fader
16:24:00 [DEBUG] (13) goxlr_daemon::device: Updating Music volume from 125 to 134 as a human moved the fader
16:24:00 [DEBUG] (13) goxlr_daemon::device: Updating Music volume from 134 to 144 as a human moved the fader
16:24:00 [DEBUG] (13) goxlr_daemon::device: Updating Music volume from 144 to 152 as a human moved the fader
16:24:00 [DEBUG] (13) goxlr_daemon::device: Updating Music volume from 152 to 158 as a human moved the fader
16:24:00 [DEBUG] (13) goxlr_daemon::device: Updating Music volume from 158 to 164 as a human moved the fader
16:24:00 [DEBUG] (13) goxlr_daemon::device: Updating Music volume from 164 to 169 as a human moved the fader
16:24:00 [DEBUG] (13) goxlr_daemon::device: Updating Music volume from 169 to 174 as a human moved the fader
16:24:00 [DEBUG] (13) goxlr_daemon::device: Updating Music volume from 174 to 176 as a human moved the fader
16:24:00 [DEBUG] (13) goxlr_daemon::device: Updating Music volume from 176 to 178 as a human moved the fader
16:24:00 [DEBUG] (13) goxlr_daemon::device: Updating Chat volume from 158 to 165 as a human moved the fader
16:24:00 [DEBUG] (13) goxlr_daemon::device: Updating Chat volume from 165 to 175 as a human moved the fader
16:24:00 [DEBUG] (13) goxlr_daemon::device: Updating Chat volume from 175 to 185 as a human moved the fader
16:24:01 [DEBUG] (13) goxlr_daemon::device: Updating Chat volume from 185 to 198 as a human moved the fader
16:24:01 [DEBUG] (13) goxlr_daemon::device: Updating Chat volume from 198 to 207 as a human moved the fader
16:24:01 [DEBUG] (13) goxlr_daemon::device: Updating Chat volume from 207 to 218 as a human moved the fader
16:24:01 [DEBUG] (13) goxlr_daemon::device: Updating Chat volume from 218 to 232 as a human moved the fader
16:24:01 [DEBUG] (13) goxlr_daemon::device: Updating Chat volume from 232 to 245 as a human moved the fader
16:24:01 [DEBUG] (13) goxlr_daemon::device: Updating Chat volume from 245 to 253 as a human moved the fader
16:24:01 [DEBUG] (13) goxlr_daemon::device: Updating Chat volume from 253 to 255 as a human moved the fader
16:24:02 [DEBUG] (15) goxlr_daemon::device: Updating Music volume from 178 to 182 as a human moved the fader
16:24:02 [DEBUG] (15) goxlr_daemon::device: Updating Music volume from 182 to 184 as a human moved the fader
16:24:02 [DEBUG] (15) goxlr_daemon::device: Updating Music volume from 184 to 186 as a human moved the fader
16:24:02 [DEBUG] (15) goxlr_daemon::device: Updating Music volume from 186 to 188 as a human moved the fader
16:24:03 [DEBUG] (15) goxlr_daemon::device: Updating Music volume from 188 to 192 as a human moved the fader
16:24:17 [DEBUG] (13) goxlr_daemon::device: Updating Chat volume from 255 to 248 as a human moved the fader
16:24:17 [DEBUG] (13) goxlr_daemon::device: Updating Chat volume from 248 to 226 as a human moved the fader
16:24:17 [DEBUG] (13) goxlr_daemon::device: Updating Chat volume from 226 to 199 as a human moved the fader
16:24:17 [DEBUG] (13) goxlr_daemon::device: Updating Chat volume from 199 to 166 as a human moved the fader
16:24:17 [DEBUG] (13) goxlr_daemon::device: Updating Chat volume from 166 to 144 as a human moved the fader
16:24:17 [DEBUG] (13) goxlr_daemon::device: Updating Chat volume from 144 to 116 as a human moved the fader
16:24:17 [DEBUG] (13) goxlr_daemon::device: Updating Chat volume from 116 to 103 as a human moved the fader
16:24:17 [DEBUG] (15) goxlr_daemon::device: Updating Chat volume from 103 to 109 as a human moved the fader
16:24:17 [DEBUG] (15) goxlr_daemon::device: Updating Chat volume from 109 to 113 as a human moved the fader
16:24:17 [DEBUG] (15) goxlr_daemon::device: Updating Chat volume from 113 to 115 as a human moved the fader
16:24:17 [DEBUG] (15) goxlr_daemon::device: Updating Chat volume from 115 to 119 as a human moved the fader
16:24:17 [DEBUG] (15) goxlr_daemon::device: Updating Chat volume from 119 to 131 as a human moved the fader
16:24:17 [DEBUG] (15) goxlr_daemon::device: Updating Chat volume from 131 to 142 as a human moved the fader
16:24:17 [DEBUG] (15) goxlr_daemon::device: Updating Chat volume from 142 to 163 as a human moved the fader
16:24:17 [DEBUG] (15) goxlr_daemon::device: Updating Chat volume from 163 to 179 as a human moved the fader
16:24:17 [DEBUG] (15) goxlr_daemon::device: Updating Chat volume from 179 to 203 as a human moved the fader
16:24:17 [DEBUG] (15) goxlr_daemon::device: Updating Chat volume from 203 to 228 as a human moved the fader
16:24:17 [DEBUG] (15) goxlr_daemon::device: Updating Chat volume from 228 to 249 as a human moved the fader
16:24:17 [DEBUG] (15) goxlr_daemon::device: Updating Chat volume from 249 to 255 as a human moved the fader
16:24:23 [DEBUG] (15) goxlr_daemon::device: Handling Button Down: Fader1Mute
16:24:23 [DEBUG] (13) goxlr_daemon::device: Handling Button Release: Fader1Mute, Has Long Press Handled: false
16:24:23 [DEBUG] (13) goxlr_daemon::device: IsStreamNoMusic: false
16:24:23 [DEBUG] (13) goxlr_daemon::device: Applying Routing to Microphone:
16:24:23 [DEBUG] (13) goxlr_daemon::tts: Received TTS Message: Mic Muted
16:24:25 [DEBUG] (15) goxlr_daemon::device: Handling Button Down: Fader1Mute
16:24:25 [DEBUG] (13) goxlr_daemon::device: Handling Button Release: Fader1Mute, Has Long Press Handled: false
16:24:25 [DEBUG] (13) goxlr_daemon::device: Setting MicInputMute to 0
16:24:26 [DEBUG] (13) goxlr_daemon::device: IsStreamNoMusic: false
16:24:26 [DEBUG] (13) goxlr_daemon::device: Applying Routing to Microphone:
16:24:26 [DEBUG] (13) goxlr_daemon::tts: Received TTS Message: Mic unmuted
16:24:27 [DEBUG] (15) goxlr_daemon::device: Handling Button Down: Fader2Mute
16:24:27 [DEBUG] (13) goxlr_daemon::device: Handling Button Release: Fader2Mute, Has Long Press Handled: false
16:24:27 [DEBUG] (13) goxlr_daemon::tts: Received TTS Message: Music Muted
16:24:28 [DEBUG] (15) goxlr_daemon::device: Handling Button Down: Fader2Mute
16:24:28 [DEBUG] (15) goxlr_daemon::device: Handling Button Release: Fader2Mute, Has Long Press Handled: false
16:24:28 [DEBUG] (15) goxlr_daemon::device: Setting MicInputMute to 0
16:24:28 [DEBUG] (15) goxlr_daemon::tts: Received TTS Message: Music unmuted
16:24:28 [DEBUG] (13) goxlr_daemon::device: Handling Button Down: Fader3Mute
16:24:28 [DEBUG] (17) goxlr_daemon::device: Handling Button Release: Fader3Mute, Has Long Press Handled: false
16:24:28 [DEBUG] (17) goxlr_daemon::device: IsStreamNoMusic: false
16:24:28 [DEBUG] (17) goxlr_daemon::device: Applying Routing to Microphone:
16:24:28 [DEBUG] (17) goxlr_daemon::tts: Received TTS Message: Chat Muted
16:24:29 [DEBUG] (13) goxlr_daemon::device: Handling Button Down: Fader3Mute
16:24:29 [DEBUG] (13) goxlr_daemon::device: Handling Button Release: Fader3Mute, Has Long Press Handled: false
16:24:29 [DEBUG] (13) goxlr_daemon::device: Setting MicInputMute to 0
16:24:29 [DEBUG] (13) goxlr_daemon::device: IsStreamNoMusic: false
16:24:29 [DEBUG] (13) goxlr_daemon::device: Applying Routing to Microphone:
16:24:29 [DEBUG] (13) goxlr_daemon::tts: Received TTS Message: Chat unmuted
16:24:31 [DEBUG] (17) goxlr_daemon::device: Handling Button Down: MicrophoneMute
16:24:31 [DEBUG] (17) goxlr_daemon::device: Setting MicInputMute to 1
16:24:31 [DEBUG] (17) goxlr_daemon::device: IsStreamNoMusic: false
16:24:31 [DEBUG] (17) goxlr_daemon::device: Applying Routing to Microphone:
16:24:31 [DEBUG] (17) goxlr_daemon::tts: Received TTS Message: Mic Muted
16:24:31 [DEBUG] (13) goxlr_daemon::device: Handling Button Release: MicrophoneMute, Has Long Press Handled: false
16:24:31 [DEBUG] (13) goxlr_daemon::device: Setting MicInputMute to 0
16:24:31 [DEBUG] (13) goxlr_daemon::device: IsStreamNoMusic: false
16:24:31 [DEBUG] (13) goxlr_daemon::device: Applying Routing to Microphone:
16:24:31 [DEBUG] (13) goxlr_daemon::tts: Received TTS Message: Mic Unmuted
16:24:32 [DEBUG] (15) goxlr_daemon::device: Handling Button Down: MicrophoneMute
16:24:33 [DEBUG] (15) goxlr_daemon::device: Setting MicInputMute to 1
16:24:33 [DEBUG] (15) goxlr_daemon::device: IsStreamNoMusic: false
16:24:33 [DEBUG] (15) goxlr_daemon::device: Applying Routing to Microphone:
16:24:33 [DEBUG] (15) goxlr_daemon::tts: Received TTS Message: Mic Muted
16:24:33 [DEBUG] (15) goxlr_daemon::device: Handling Button Hold: MicrophoneMute
16:24:34 [DEBUG] (15) goxlr_daemon::device: Handling Button Release: MicrophoneMute, Has Long Press Handled: true
16:24:34 [DEBUG] (15) goxlr_daemon::device: Setting MicInputMute to 0
16:24:34 [DEBUG] (15) goxlr_daemon::device: IsStreamNoMusic: false
16:24:34 [DEBUG] (15) goxlr_daemon::device: Applying Routing to Microphone:
16:24:34 [DEBUG] (15) goxlr_daemon::tts: Received TTS Message: Mic Unmuted
16:24:35 [DEBUG] (13) goxlr_daemon::device: Handling Button Down: Bleep
16:24:36 [DEBUG] (15) goxlr_daemon::device: Handling Button Release: Bleep, Has Long Press Handled: false
16:24:36 [DEBUG] (13) goxlr_daemon::device: Handling Button Down: Bleep
16:24:37 [DEBUG] (15) goxlr_daemon::device: Handling Button Hold: Bleep
16:24:38 [DEBUG] (15) goxlr_daemon::device: Handling Button Release: Bleep, Has Long Press Handled: true
16:24:38 [DEBUG] (15) goxlr_daemon::device: Handling Button Down: Bleep
16:24:38 [DEBUG] (13) goxlr_daemon::device: Handling Button Release: Bleep, Has Long Press Handled: false
16:24:39 [DEBUG] (13) goxlr_daemon::device: Handling Button Down: Bleep
16:24:39 [DEBUG] (13) goxlr_daemon::device: Handling Button Release: Bleep, Has Long Press Handled: false
16:24:40 [DEBUG] (15) goxlr_daemon::device: Handling Button Down: Bleep
16:24:40 [DEBUG] (15) goxlr_daemon::device: Handling Button Release: Bleep, Has Long Press Handled: false
16:24:40 [DEBUG] (13) goxlr_daemon::device: Handling Button Down: Bleep
16:24:41 [DEBUG] (13) goxlr_daemon::device: Handling Button Hold: Bleep
16:24:42 [DEBUG] (13) goxlr_daemon::device: Handling Button Release: Bleep, Has Long Press Handled: true
16:24:42 [DEBUG] (15) goxlr_daemon::device: Handling Button Down: Bleep
16:24:42 [DEBUG] (13) goxlr_daemon::device: Handling Button Release: Bleep, Has Long Press Handled: false
16:24:44 [DEBUG] (15) goxlr_daemon::device: Handling Button Down: Fader1Mute
16:24:45 [DEBUG] (13) goxlr_daemon::device: Handling Button Release: Fader1Mute, Has Long Press Handled: false
16:24:45 [DEBUG] (13) goxlr_daemon::device: IsStreamNoMusic: false
16:24:45 [DEBUG] (13) goxlr_daemon::device: Applying Routing to Microphone:
16:24:45 [DEBUG] (13) goxlr_daemon::tts: Received TTS Message: Mic Muted
16:24:47 [DEBUG] (15) goxlr_daemon::device: Handling Button Down: Fader1Mute
16:24:47 [DEBUG] (13) goxlr_daemon::device: Handling Button Release: Fader1Mute, Has Long Press Handled: false
16:24:47 [DEBUG] (13) goxlr_daemon::device: Setting MicInputMute to 0
16:24:47 [DEBUG] (13) goxlr_daemon::device: IsStreamNoMusic: false
16:24:47 [DEBUG] (13) goxlr_daemon::device: Applying Routing to Microphone:
16:24:47 [DEBUG] (13) goxlr_daemon::tts: Received TTS Message: Mic unmuted
16:24:50 [DEBUG] (13) goxlr_daemon::device: Handling Button Down: Fader1Mute
16:24:50 [DEBUG] (13) goxlr_daemon::device: Handling Button Release: Fader1Mute, Has Long Press Handled: false
16:24:50 [DEBUG] (13) goxlr_daemon::device: IsStreamNoMusic: false
16:24:50 [DEBUG] (13) goxlr_daemon::device: Applying Routing to Microphone:
16:24:50 [DEBUG] (13) goxlr_daemon::tts: Received TTS Message: Mic Muted
16:24:51 [DEBUG] (13) goxlr_daemon::device: Handling Button Down: Fader1Mute
16:24:51 [DEBUG] (13) goxlr_daemon::device: Handling Button Release: Fader1Mute, Has Long Press Handled: false
16:24:51 [DEBUG] (13) goxlr_daemon::device: Setting MicInputMute to 0
16:24:51 [DEBUG] (13) goxlr_daemon::device: IsStreamNoMusic: false
16:24:51 [DEBUG] (13) goxlr_daemon::device: Applying Routing to Microphone:
16:24:52 [DEBUG] (13) goxlr_daemon::tts: Received TTS Message: Mic unmuted
16:25:00 [DEBUG] (15) goxlr_daemon::device: Updating Mic volume from 202 to 205 as a human moved the fader
16:25:00 [DEBUG] (15) goxlr_daemon::device: Updating Mic volume from 205 to 209 as a human moved the fader
16:25:00 [DEBUG] (15) goxlr_daemon::device: Updating Mic volume from 209 to 214 as a human moved the fader
16:25:00 [DEBUG] (15) goxlr_daemon::device: Updating Mic volume from 214 to 218 as a human moved the fader
16:25:00 [DEBUG] (15) goxlr_daemon::device: Updating Mic volume from 218 to 222 as a human moved the fader
16:25:00 [DEBUG] (15) goxlr_daemon::device: Updating Mic volume from 222 to 226 as a human moved the fader
16:25:00 [DEBUG] (15) goxlr_daemon::device: Updating Mic volume from 226 to 228 as a human moved the fader
16:25:00 [DEBUG] (15) goxlr_daemon::device: Updating Mic volume from 228 to 232 as a human moved the fader
16:25:00 [DEBUG] (15) goxlr_daemon::device: Updating Mic volume from 232 to 236 as a human moved the fader
16:25:00 [DEBUG] (15) goxlr_daemon::device: Updating Mic volume from 236 to 240 as a human moved the fader
16:25:00 [DEBUG] (15) goxlr_daemon::device: Updating Mic volume from 240 to 244 as a human moved the fader
16:25:00 [DEBUG] (15) goxlr_daemon::device: Updating Mic volume from 244 to 248 as a human moved the fader
16:25:00 [DEBUG] (15) goxlr_daemon::device: Updating Mic volume from 248 to 250 as a human moved the fader
16:25:00 [DEBUG] (15) goxlr_daemon::device: Updating Mic volume from 250 to 252 as a human moved the fader
16:25:00 [DEBUG] (15) goxlr_daemon::device: Updating Mic volume from 252 to 254 as a human moved the fader
16:25:01 [DEBUG] (15) goxlr_daemon::device: Updating Mic volume from 254 to 250 as a human moved the fader
16:25:01 [DEBUG] (15) goxlr_daemon::device: Updating Mic volume from 250 to 244 as a human moved the fader
16:25:01 [DEBUG] (15) goxlr_daemon::device: Updating Mic volume from 244 to 238 as a human moved the fader
16:25:01 [DEBUG] (15) goxlr_daemon::device: Updating Mic volume from 238 to 233 as a human moved the fader
16:25:01 [DEBUG] (15) goxlr_daemon::device: Updating Mic volume from 233 to 227 as a human moved the fader
16:25:01 [DEBUG] (15) goxlr_daemon::device: Updating Mic volume from 227 to 222 as a human moved the fader
16:25:01 [DEBUG] (15) goxlr_daemon::device: Updating Mic volume from 222 to 218 as a human moved the fader
16:25:01 [DEBUG] (15) goxlr_daemon::device: Updating Mic volume from 218 to 214 as a human moved the fader
16:25:01 [DEBUG] (15) goxlr_daemon::device: Updating Mic volume from 214 to 210 as a human moved the fader
16:25:01 [DEBUG] (15) goxlr_daemon::device: Updating Mic volume from 210 to 205 as a human moved the fader
16:25:01 [DEBUG] (15) goxlr_daemon::device: Updating Mic volume from 205 to 200 as a human moved the fader
16:25:01 [DEBUG] (15) goxlr_daemon::device: Updating Mic volume from 200 to 198 as a human moved the fader
16:25:01 [DEBUG] (15) goxlr_daemon::device: Updating Mic volume from 198 to 193 as a human moved the fader
16:25:01 [DEBUG] (15) goxlr_daemon::device: Updating Mic volume from 193 to 189 as a human moved the fader
16:25:01 [DEBUG] (15) goxlr_daemon::device: Updating Mic volume from 189 to 187 as a human moved the fader
16:25:01 [DEBUG] (15) goxlr_daemon::device: Updating Mic volume from 187 to 183 as a human moved the fader
16:25:01 [DEBUG] (15) goxlr_daemon::device: Updating Mic volume from 183 to 179 as a human moved the fader
16:25:01 [DEBUG] (15) goxlr_daemon::device: Updating Mic volume from 179 to 175 as a human moved the fader
16:25:01 [DEBUG] (15) goxlr_daemon::device: Updating Mic volume from 175 to 171 as a human moved the fader
16:25:01 [DEBUG] (15) goxlr_daemon::device: Updating Mic volume from 171 to 169 as a human moved the fader
16:25:01 [DEBUG] (15) goxlr_daemon::device: Updating Mic volume from 169 to 165 as a human moved the fader
16:25:01 [DEBUG] (15) goxlr_daemon::device: Updating Mic volume from 165 to 163 as a human moved the fader
16:25:01 [DEBUG] (15) goxlr_daemon::device: Updating Mic volume from 163 to 161 as a human moved the fader
16:25:01 [DEBUG] (15) goxlr_daemon::device: Updating Mic volume from 161 to 159 as a human moved the fader
16:25:01 [DEBUG] (15) goxlr_daemon::device: Updating Mic volume from 159 to 157 as a human moved the fader
16:25:01 [DEBUG] (15) goxlr_daemon::device: Updating Mic volume from 157 to 155 as a human moved the fader
16:25:02 [DEBUG] (15) goxlr_daemon::device: Updating Mic volume from 155 to 159 as a human moved the fader
16:25:02 [DEBUG] (15) goxlr_daemon::device: Updating Mic volume from 159 to 161 as a human moved the fader
16:25:02 [DEBUG] (15) goxlr_daemon::device: Updating Mic volume from 161 to 163 as a human moved the fader
16:25:02 [DEBUG] (15) goxlr_daemon::device: Updating Mic volume from 163 to 165 as a human moved the fader
16:25:02 [DEBUG] (15) goxlr_daemon::device: Updating Mic volume from 165 to 167 as a human moved the fader
16:25:02 [DEBUG] (15) goxlr_daemon::device: Updating Mic volume from 167 to 169 as a human moved the fader
16:25:02 [DEBUG] (15) goxlr_daemon::device: Updating Mic volume from 169 to 171 as a human moved the fader
16:25:02 [DEBUG] (13) goxlr_daemon::device: Updating Mic volume from 171 to 175 as a human moved the fader
16:25:02 [DEBUG] (13) goxlr_daemon::device: Updating Mic volume from 175 to 177 as a human moved the fader
16:25:02 [DEBUG] (13) goxlr_daemon::device: Updating Mic volume from 177 to 179 as a human moved the fader
16:25:03 [DEBUG] (13) goxlr_daemon::device: Updating Mic volume from 179 to 181 as a human moved the fader
16:25:05 [DEBUG] (13) goxlr_daemon::device: Updating Mic volume from 181 to 187 as a human moved the fader
16:25:05 [DEBUG] (13) goxlr_daemon::device: Updating Mic volume from 187 to 189 as a human moved the fader
16:25:05 [DEBUG] (13) goxlr_daemon::device: Updating Mic volume from 189 to 194 as a human moved the fader
16:25:05 [DEBUG] (15) goxlr_daemon::device: Updating Mic volume from 194 to 196 as a human moved the fader
16:25:05 [DEBUG] (15) goxlr_daemon::device: Updating Mic volume from 196 to 200 as a human moved the fader
16:25:05 [DEBUG] (15) goxlr_daemon::device: Updating Mic volume from 200 to 204 as a human moved the fader
16:25:05 [DEBUG] (15) goxlr_daemon::device: Updating Mic volume from 204 to 206 as a human moved the fader
16:25:05 [DEBUG] (15) goxlr_daemon::device: Updating Mic volume from 206 to 210 as a human moved the fader
16:25:05 [DEBUG] (15) goxlr_daemon::device: Updating Mic volume from 210 to 212 as a human moved the fader
16:25:05 [DEBUG] (15) goxlr_daemon::device: Updating Mic volume from 212 to 214 as a human moved the fader
16:25:05 [DEBUG] (15) goxlr_daemon::device: Updating Mic volume from 214 to 218 as a human moved the fader
16:25:05 [DEBUG] (15) goxlr_daemon::device: Updating Mic volume from 218 to 222 as a human moved the fader
16:25:05 [DEBUG] (15) goxlr_daemon::device: Updating Mic volume from 222 to 226 as a human moved the fader
16:25:05 [DEBUG] (15) goxlr_daemon::device: Updating Mic volume from 226 to 230 as a human moved the fader
16:25:05 [DEBUG] (15) goxlr_daemon::device: Updating Mic volume from 230 to 234 as a human moved the fader
16:25:05 [DEBUG] (15) goxlr_daemon::device: Updating Mic volume from 234 to 238 as a human moved the fader
16:25:05 [DEBUG] (15) goxlr_daemon::device: Updating Mic volume from 238 to 242 as a human moved the fader
16:25:05 [DEBUG] (15) goxlr_daemon::device: Updating Mic volume from 242 to 244 as a human moved the fader
16:25:05 [DEBUG] (15) goxlr_daemon::device: Updating Mic volume from 244 to 248 as a human moved the fader
16:25:05 [DEBUG] (15) goxlr_daemon::device: Updating Mic volume from 248 to 250 as a human moved the fader
16:25:05 [DEBUG] (15) goxlr_daemon::device: Updating Mic volume from 250 to 252 as a human moved the fader
16:25:05 [DEBUG] (15) goxlr_daemon::device: Updating Mic volume from 252 to 254 as a human moved the fader
16:25:06 [DEBUG] (15) goxlr_daemon::device: Updating Mic volume from 254 to 250 as a human moved the fader
16:25:06 [DEBUG] (15) goxlr_daemon::device: Updating Mic volume from 250 to 248 as a human moved the fader
16:25:06 [DEBUG] (15) goxlr_daemon::device: Updating Mic volume from 248 to 246 as a human moved the fader
16:25:06 [DEBUG] (15) goxlr_daemon::device: Updating Mic volume from 246 to 244 as a human moved the fader
16:25:06 [DEBUG] (13) goxlr_daemon::device: Updating Mic volume from 244 to 242 as a human moved the fader
16:25:06 [DEBUG] (13) goxlr_daemon::device: Updating Mic volume from 242 to 240 as a human moved the fader
16:25:06 [DEBUG] (13) goxlr_daemon::device: Updating Mic volume from 240 to 238 as a human moved the fader
16:25:06 [DEBUG] (13) goxlr_daemon::device: Updating Mic volume from 238 to 236 as a human moved the fader
16:25:06 [DEBUG] (13) goxlr_daemon::device: Updating Mic volume from 236 to 234 as a human moved the fader
16:25:06 [DEBUG] (13) goxlr_daemon::device: Updating Mic volume from 234 to 232 as a human moved the fader
16:25:06 [DEBUG] (13) goxlr_daemon::device: Updating Mic volume from 232 to 230 as a human moved the fader
16:25:06 [DEBUG] (13) goxlr_daemon::device: Updating Mic volume from 230 to 228 as a human moved the fader
16:25:06 [DEBUG] (13) goxlr_daemon::device: Updating Mic volume from 228 to 226 as a human moved the fader
16:25:06 [DEBUG] (13) goxlr_daemon::device: Updating Mic volume from 226 to 224 as a human moved the fader
16:25:06 [DEBUG] (13) goxlr_daemon::device: Updating Mic volume from 224 to 222 as a human moved the fader
16:25:07 [DEBUG] (13) goxlr_daemon::device: Updating Mic volume from 222 to 218 as a human moved the fader
16:25:07 [DEBUG] (13) goxlr_daemon::device: Updating Mic volume from 218 to 216 as a human moved the fader
16:25:07 [DEBUG] (13) goxlr_daemon::device: Updating Mic volume from 216 to 214 as a human moved the fader
16:25:07 [DEBUG] (13) goxlr_daemon::device: Updating Mic volume from 214 to 212 as a human moved the fader
16:25:07 [DEBUG] (13) goxlr_daemon::device: Updating Mic volume from 212 to 210 as a human moved the fader
16:25:14 [DEBUG] (15) goxlr_daemon::device: Setting Mix volume for MicMonitor to 162
16:25:14 [DEBUG] (13) goxlr_daemon::device: Setting Mix volume for MicMonitor to 160
16:25:15 [DEBUG] (13) goxlr_daemon::device: Setting Mix volume for MicMonitor to 158
16:25:15 [DEBUG] (13) goxlr_daemon::device: Setting Mix volume for MicMonitor to 155
16:25:15 [DEBUG] (15) goxlr_daemon::device: Setting Mix volume for MicMonitor to 151
16:25:15 [DEBUG] (13) goxlr_daemon::device: Setting Mix volume for MicMonitor to 147
16:25:15 [DEBUG] (15) goxlr_daemon::device: Setting Mix volume for MicMonitor to 149
16:25:17 [DEBUG] (13) goxlr_daemon::device: Setting Mix volume for MicMonitor to 149
16:25:24 [DEBUG] (15) goxlr_daemon::device: Updating Mic volume from 210 to 214 as a human moved the fader
16:25:24 [DEBUG] (15) goxlr_daemon::device: Updating Mic volume from 214 to 216 as a human moved the fader
16:25:24 [DEBUG] (15) goxlr_daemon::device: Updating Mic volume from 216 to 220 as a human moved the fader
16:25:24 [DEBUG] (15) goxlr_daemon::device: Updating Mic volume from 220 to 218 as a human moved the fader
16:25:24 [DEBUG] (15) goxlr_daemon::device: Updating Mic volume from 218 to 216 as a human moved the fader
16:25:24 [DEBUG] (15) goxlr_daemon::device: Updating Mic volume from 216 to 212 as a human moved the fader
16:25:24 [DEBUG] (15) goxlr_daemon::device: Updating Mic volume from 212 to 210 as a human moved the fader
16:25:24 [DEBUG] (15) goxlr_daemon::device: Updating Mic volume from 210 to 208 as a human moved the fader
16:25:24 [DEBUG] (15) goxlr_daemon::device: Updating Mic volume from 208 to 206 as a human moved the fader
16:25:24 [DEBUG] (15) goxlr_daemon::device: Updating Mic volume from 206 to 204 as a human moved the fader
16:25:24 [DEBUG] (15) goxlr_daemon::device: Updating Mic volume from 204 to 202 as a human moved the fader
16:25:24 [DEBUG] (15) goxlr_daemon::device: Updating Mic volume from 202 to 200 as a human moved the fader
16:25:24 [DEBUG] (15) goxlr_daemon::device: Updating Mic volume from 200 to 198 as a human moved the fader
16:25:25 [DEBUG] (15) goxlr_daemon::device: Updating Mic volume from 198 to 196 as a human moved the fader
16:25:25 [DEBUG] (15) goxlr_daemon::device: Updating Mic volume from 196 to 194 as a human moved the fader
16:25:25 [DEBUG] (15) goxlr_daemon::device: Updating Mic volume from 194 to 198 as a human moved the fader
16:25:25 [DEBUG] (15) goxlr_daemon::device: Updating Mic volume from 198 to 200 as a human moved the fader
16:25:25 [DEBUG] (15) goxlr_daemon::device: Updating Mic volume from 200 to 202 as a human moved the fader
16:25:25 [DEBUG] (15) goxlr_daemon::device: Updating Mic volume from 202 to 204 as a human moved the fader
16:25:25 [DEBUG] (15) goxlr_daemon::device: Updating Mic volume from 204 to 206 as a human moved the fader
16:25:25 [DEBUG] (15) goxlr_daemon::device: Updating Mic volume from 206 to 208 as a human moved the fader
16:25:25 [DEBUG] (15) goxlr_daemon::device: Updating Mic volume from 208 to 210 as a human moved the fader
16:25:30 [DEBUG] (17) goxlr_daemon::device: Setting Mix volume for MicMonitor to 149
16:27:54 [DEBUG] (15) goxlr_daemon::device: Updating System volume from 242 to 239 as a human moved the fader
16:27:54 [DEBUG] (15) goxlr_daemon::device: Updating System volume from 239 to 237 as a human moved the fader
16:27:54 [DEBUG] (15) goxlr_daemon::device: Updating System volume from 237 to 235 as a human moved the fader
16:27:54 [DEBUG] (15) goxlr_daemon::device: Updating System volume from 235 to 231 as a human moved the fader
16:27:54 [DEBUG] (15) goxlr_daemon::device: Updating System volume from 231 to 227 as a human moved the fader
16:27:54 [DEBUG] (15) goxlr_daemon::device: Updating System volume from 227 to 222 as a human moved the fader
16:27:54 [DEBUG] (15) goxlr_daemon::device: Updating System volume from 222 to 218 as a human moved the fader
16:27:54 [DEBUG] (15) goxlr_daemon::device: Updating System volume from 218 to 214 as a human moved the fader
16:27:54 [DEBUG] (15) goxlr_daemon::device: Updating System volume from 214 to 210 as a human moved the fader
16:27:54 [DEBUG] (15) goxlr_daemon::device: Updating System volume from 210 to 208 as a human moved the fader
16:27:54 [DEBUG] (15) goxlr_daemon::device: Updating System volume from 208 to 204 as a human moved the fader
16:27:54 [DEBUG] (15) goxlr_daemon::device: Updating System volume from 204 to 202 as a human moved the fader
16:27:55 [DEBUG] (15) goxlr_daemon::device: Updating System volume from 202 to 198 as a human moved the fader
16:27:55 [DEBUG] (15) goxlr_daemon::device: Updating System volume from 198 to 192 as a human moved the fader
16:27:55 [DEBUG] (15) goxlr_daemon::device: Updating System volume from 192 to 187 as a human moved the fader
16:27:55 [DEBUG] (15) goxlr_daemon::device: Updating System volume from 187 to 182 as a human moved the fader
16:27:55 [DEBUG] (15) goxlr_daemon::device: Updating System volume from 182 to 177 as a human moved the fader
16:27:55 [DEBUG] (15) goxlr_daemon::device: Updating System volume from 177 to 172 as a human moved the fader
16:27:55 [DEBUG] (15) goxlr_daemon::device: Updating System volume from 172 to 168 as a human moved the fader
16:27:55 [DEBUG] (15) goxlr_daemon::device: Updating System volume from 168 to 164 as a human moved the fader
16:27:55 [DEBUG] (15) goxlr_daemon::device: Updating System volume from 164 to 158 as a human moved the fader
16:27:55 [DEBUG] (15) goxlr_daemon::device: Updating System volume from 158 to 152 as a human moved the fader
16:27:55 [DEBUG] (15) goxlr_daemon::device: Updating System volume from 152 to 145 as a human moved the fader
16:27:55 [DEBUG] (15) goxlr_daemon::device: Updating System volume from 145 to 140 as a human moved the fader
16:27:55 [DEBUG] (15) goxlr_daemon::device: Updating System volume from 140 to 134 as a human moved the fader
16:27:55 [DEBUG] (15) goxlr_daemon::device: Updating System volume from 134 to 128 as a human moved the fader
16:27:55 [DEBUG] (15) goxlr_daemon::device: Updating System volume from 128 to 122 as a human moved the fader
16:27:55 [DEBUG] (15) goxlr_daemon::device: Updating System volume from 122 to 116 as a human moved the fader
16:27:55 [DEBUG] (15) goxlr_daemon::device: Updating System volume from 116 to 111 as a human moved the fader
16:27:55 [DEBUG] (15) goxlr_daemon::device: Updating System volume from 111 to 106 as a human moved the fader
16:27:55 [DEBUG] (15) goxlr_daemon::device: Updating System volume from 106 to 102 as a human moved the fader
16:27:55 [DEBUG] (15) goxlr_daemon::device: Updating System volume from 102 to 98 as a human moved the fader
16:27:55 [DEBUG] (15) goxlr_daemon::device: Updating System volume from 98 to 94 as a human moved the fader
16:27:55 [DEBUG] (15) goxlr_daemon::device: Updating System volume from 94 to 90 as a human moved the fader
16:27:55 [DEBUG] (15) goxlr_daemon::device: Updating System volume from 90 to 88 as a human moved the fader
16:27:55 [DEBUG] (15) goxlr_daemon::device: Updating System volume from 88 to 84 as a human moved the fader
16:27:55 [DEBUG] (15) goxlr_daemon::device: Updating System volume from 84 to 80 as a human moved the fader
16:27:55 [DEBUG] (15) goxlr_daemon::device: Updating System volume from 80 to 78 as a human moved the fader
16:27:55 [DEBUG] (15) goxlr_daemon::device: Updating System volume from 78 to 74 as a human moved the fader
16:27:55 [DEBUG] (15) goxlr_daemon::device: Updating System volume from 74 to 70 as a human moved the fader
16:27:55 [DEBUG] (15) goxlr_daemon::device: Updating System volume from 70 to 66 as a human moved the fader
16:27:55 [DEBUG] (15) goxlr_daemon::device: Updating System volume from 66 to 64 as a human moved the fader
16:27:55 [DEBUG] (15) goxlr_daemon::device: Updating System volume from 64 to 59 as a human moved the fader
16:27:55 [DEBUG] (15) goxlr_daemon::device: Updating System volume from 59 to 54 as a human moved the fader
16:27:55 [DEBUG] (15) goxlr_daemon::device: Updating System volume from 54 to 49 as a human moved the fader
16:27:55 [DEBUG] (15) goxlr_daemon::device: Updating System volume from 49 to 45 as a human moved the fader
16:27:55 [DEBUG] (15) goxlr_daemon::device: Updating System volume from 45 to 41 as a human moved the fader
16:27:55 [DEBUG] (15) goxlr_daemon::device: Updating System volume from 41 to 39 as a human moved the fader
16:27:55 [DEBUG] (15) goxlr_daemon::device: Updating System volume from 39 to 35 as a human moved the fader
16:27:55 [DEBUG] (15) goxlr_daemon::device: Updating System volume from 35 to 33 as a human moved the fader
16:27:55 [DEBUG] (15) goxlr_daemon::device: Updating System volume from 33 to 29 as a human moved the fader
16:27:55 [DEBUG] (15) goxlr_daemon::device: Updating System volume from 29 to 27 as a human moved the fader
16:27:55 [DEBUG] (15) goxlr_daemon::device: Updating System volume from 27 to 25 as a human moved the fader
16:27:55 [DEBUG] (15) goxlr_daemon::device: Updating System volume from 25 to 21 as a human moved the fader
16:27:55 [DEBUG] (15) goxlr_daemon::device: Updating System volume from 21 to 17 as a human moved the fader
16:27:55 [DEBUG] (15) goxlr_daemon::device: Updating System volume from 17 to 15 as a human moved the fader
16:27:55 [DEBUG] (15) goxlr_daemon::device: Updating System volume from 15 to 11 as a human moved the fader
16:27:55 [DEBUG] (15) goxlr_daemon::device: Updating System volume from 11 to 9 as a human moved the fader
16:27:55 [DEBUG] (15) goxlr_daemon::device: Updating System volume from 9 to 5 as a human moved the fader
16:27:56 [DEBUG] (15) goxlr_daemon::device: Updating System volume from 5 to 3 as a human moved the fader
16:27:56 [DEBUG] (15) goxlr_daemon::device: Updating System volume from 3 to 1 as a human moved the fader
16:27:56 [DEBUG] (15) goxlr_daemon::device: Updating System volume from 1 to 13 as a human moved the fader
16:27:56 [DEBUG] (15) goxlr_daemon::device: Updating System volume from 13 to 26 as a human moved the fader
16:27:56 [DEBUG] (15) goxlr_daemon::device: Updating System volume from 26 to 38 as a human moved the fader
16:27:56 [DEBUG] (15) goxlr_daemon::device: Updating System volume from 38 to 51 as a human moved the fader
16:27:56 [DEBUG] (15) goxlr_daemon::device: Updating System volume from 51 to 67 as a human moved the fader
16:27:56 [DEBUG] (15) goxlr_daemon::device: Updating System volume from 67 to 83 as a human moved the fader
16:27:56 [DEBUG] (15) goxlr_daemon::device: Updating System volume from 83 to 95 as a human moved the fader
16:27:56 [DEBUG] (15) goxlr_daemon::device: Updating System volume from 95 to 108 as a human moved the fader
16:27:56 [DEBUG] (15) goxlr_daemon::device: Updating System volume from 108 to 122 as a human moved the fader
16:27:56 [DEBUG] (15) goxlr_daemon::device: Updating System volume from 122 to 132 as a human moved the fader
16:27:56 [DEBUG] (15) goxlr_daemon::device: Updating System volume from 132 to 145 as a human moved the fader
16:27:56 [DEBUG] (15) goxlr_daemon::device: Updating System volume from 145 to 157 as a human moved the fader
16:27:56 [DEBUG] (15) goxlr_daemon::device: Updating System volume from 157 to 166 as a human moved the fader
16:27:56 [DEBUG] (15) goxlr_daemon::device: Updating System volume from 166 to 176 as a human moved the fader
16:27:56 [DEBUG] (15) goxlr_daemon::device: Updating System volume from 176 to 179 as a human moved the fader
16:27:56 [DEBUG] (17) goxlr_daemon::device: Updating System volume from 179 to 190 as a human moved the fader
16:27:56 [DEBUG] (17) goxlr_daemon::device: Updating System volume from 190 to 196 as a human moved the fader
16:27:56 [DEBUG] (17) goxlr_daemon::device: Updating System volume from 196 to 203 as a human moved the fader
16:27:57 [DEBUG] (17) goxlr_daemon::device: Updating System volume from 203 to 207 as a human moved the fader
16:27:57 [DEBUG] (17) goxlr_daemon::device: Updating System volume from 207 to 209 as a human moved the fader
16:27:57 [DEBUG] (15) goxlr_daemon::device: Updating System volume from 209 to 205 as a human moved the fader
16:27:57 [DEBUG] (15) goxlr_daemon::device: Updating System volume from 205 to 203 as a human moved the fader
16:27:57 [DEBUG] (15) goxlr_daemon::device: Updating System volume from 203 to 201 as a human moved the fader
16:27:57 [DEBUG] (15) goxlr_daemon::device: Updating System volume from 201 to 199 as a human moved the fader
16:27:57 [DEBUG] (15) goxlr_daemon::device: Updating System volume from 199 to 197 as a human moved the fader
16:27:57 [DEBUG] (15) goxlr_daemon::device: Updating System volume from 197 to 195 as a human moved the fader
16:36:31 [DEBUG] (15) goxlr_daemon::servers::ipc_server: Disconnected 127.0.0.1:0
16:36:43 [DEBUG] (15) goxlr_daemon::device: Setting GateThreshold to -59
16:36:43 [DEBUG] (15) goxlr_daemon::device: Setting GateThreshold to -59
16:36:44 [DEBUG] (13) goxlr_daemon::device: Setting GateThreshold to -59
16:39:17 [DEBUG] (15) goxlr_daemon::device: Setting Mix volume for MicMonitor to 155
16:39:17 [DEBUG] (15) goxlr_daemon::device: Setting Mix volume for MicMonitor to 158
16:39:18 [DEBUG] (13) goxlr_daemon::device: Setting Mix volume for MicMonitor to 160
16:39:18 [DEBUG] (13) goxlr_daemon::device: Setting Mix volume for MicMonitor to 164
16:39:18 [DEBUG] (13) goxlr_daemon::device: Setting Mix volume for MicMonitor to 169
16:39:18 [DEBUG] (13) goxlr_daemon::device: Setting Mix volume for MicMonitor to 171
16:39:58 [DEBUG] (15) goxlr_daemon::device: Setting Mix volume for MicMonitor to 171
16:40:03 [DEBUG] (13) goxlr_daemon::device: Setting Mix volume for MicMonitor to 176
16:40:03 [DEBUG] (15) goxlr_daemon::device: Setting Mix volume for MicMonitor to 173
16:40:03 [DEBUG] (13) goxlr_daemon::device: Setting Mix volume for MicMonitor to 169
16:40:03 [DEBUG] (15) goxlr_daemon::device: Setting Mix volume for MicMonitor to 164
16:40:03 [DEBUG] (13) goxlr_daemon::device: Setting Mix volume for MicMonitor to 151
16:40:05 [DEBUG] (13) goxlr_daemon::device: Setting Mix volume for MicMonitor to 151
16:40:07 [DEBUG] (13) goxlr_daemon::device: Setting Mix volume for MicMonitor to 151
16:40:40 [DEBUG] (13) goxlr_daemon::device: Setting Mix volume for MicMonitor to 151
16:41:30 [DEBUG] (13) goxlr_daemon::device: Updating Music volume from 192 to 189 as a human moved the fader
16:41:30 [DEBUG] (13) goxlr_daemon::device: Updating Music volume from 189 to 185 as a human moved the fader
16:41:30 [DEBUG] (13) goxlr_daemon::device: Updating Music volume from 185 to 183 as a human moved the fader
16:41:30 [DEBUG] (13) goxlr_daemon::device: Updating Music volume from 183 to 177 as a human moved the fader
16:41:30 [DEBUG] (13) goxlr_daemon::device: Updating Music volume from 177 to 171 as a human moved the fader
16:41:30 [DEBUG] (13) goxlr_daemon::device: Updating Music volume from 171 to 164 as a human moved the fader
16:41:30 [DEBUG] (13) goxlr_daemon::device: Updating Music volume from 164 to 158 as a human moved the fader
16:41:30 [DEBUG] (13) goxlr_daemon::device: Updating Music volume from 158 to 153 as a human moved the fader
16:41:30 [DEBUG] (13) goxlr_daemon::device: Updating Music volume from 153 to 148 as a human moved the fader
16:41:30 [DEBUG] (13) goxlr_daemon::device: Updating Music volume from 148 to 142 as a human moved the fader
16:41:30 [DEBUG] (13) goxlr_daemon::device: Updating Music volume from 142 to 135 as a human moved the fader
16:41:30 [DEBUG] (13) goxlr_daemon::device: Updating Music volume from 135 to 125 as a human moved the fader
16:41:30 [DEBUG] (13) goxlr_daemon::device: Updating Music volume from 125 to 117 as a human moved the fader
16:41:30 [DEBUG] (13) goxlr_daemon::device: Updating Music volume from 117 to 109 as a human moved the fader
16:41:30 [DEBUG] (13) goxlr_daemon::device: Updating Music volume from 109 to 104 as a human moved the fader
16:41:30 [DEBUG] (13) goxlr_daemon::device: Updating Music volume from 104 to 99 as a human moved the fader
16:41:30 [DEBUG] (13) goxlr_daemon::device: Updating Music volume from 99 to 95 as a human moved the fader
16:41:30 [DEBUG] (13) goxlr_daemon::device: Updating Music volume from 95 to 91 as a human moved the fader
16:41:30 [DEBUG] (13) goxlr_daemon::device: Updating Music volume from 91 to 86 as a human moved the fader
16:41:30 [DEBUG] (13) goxlr_daemon::device: Updating Music volume from 86 to 81 as a human moved the fader
16:41:30 [DEBUG] (13) goxlr_daemon::device: Updating Music volume from 81 to 77 as a human moved the fader
16:41:30 [DEBUG] (13) goxlr_daemon::device: Updating Music volume from 77 to 75 as a human moved the fader
16:41:30 [DEBUG] (13) goxlr_daemon::device: Updating Music volume from 75 to 73 as a human moved the fader
16:41:30 [DEBUG] (13) goxlr_daemon::device: Updating Music volume from 73 to 71 as a human moved the fader
16:41:30 [DEBUG] (13) goxlr_daemon::device: Updating Music volume from 71 to 69 as a human moved the fader
16:41:31 [DEBUG] (13) goxlr_daemon::device: Updating Music volume from 69 to 67 as a human moved the fader
16:41:31 [DEBUG] (17) goxlr_daemon::device: Updating Music volume from 67 to 71 as a human moved the fader
16:41:31 [DEBUG] (17) goxlr_daemon::device: Updating Music volume from 71 to 76 as a human moved the fader
16:41:31 [DEBUG] (17) goxlr_daemon::device: Updating Music volume from 76 to 82 as a human moved the fader
16:41:31 [DEBUG] (17) goxlr_daemon::device: Updating Music volume from 82 to 91 as a human moved the fader
16:41:31 [DEBUG] (17) goxlr_daemon::device: Updating Music volume from 91 to 98 as a human moved the fader
16:41:31 [DEBUG] (17) goxlr_daemon::device: Updating Music volume from 98 to 110 as a human moved the fader
16:41:31 [DEBUG] (17) goxlr_daemon::device: Updating Music volume from 110 to 119 as a human moved the fader
16:41:31 [DEBUG] (17) goxlr_daemon::device: Updating Music volume from 119 to 130 as a human moved the fader
16:41:31 [DEBUG] (17) goxlr_daemon::device: Updating Music volume from 130 to 138 as a human moved the fader
16:41:31 [DEBUG] (17) goxlr_daemon::device: Updating Music volume from 138 to 147 as a human moved the fader
16:41:31 [DEBUG] (17) goxlr_daemon::device: Updating Music volume from 147 to 152 as a human moved the fader
16:41:31 [DEBUG] (17) goxlr_daemon::device: Updating Music volume from 152 to 158 as a human moved the fader
16:41:31 [DEBUG] (17) goxlr_daemon::device: Updating Music volume from 158 to 164 as a human moved the fader
16:41:31 [DEBUG] (17) goxlr_daemon::device: Updating Music volume from 164 to 171 as a human moved the fader
16:41:31 [DEBUG] (17) goxlr_daemon::device: Updating Music volume from 171 to 177 as a human moved the fader
16:41:31 [DEBUG] (17) goxlr_daemon::device: Updating Music volume from 177 to 184 as a human moved the fader
16:41:31 [DEBUG] (17) goxlr_daemon::device: Updating Music volume from 184 to 189 as a human moved the fader
16:41:31 [DEBUG] (17) goxlr_daemon::device: Updating Music volume from 189 to 195 as a human moved the fader
16:41:31 [DEBUG] (17) goxlr_daemon::device: Updating Music volume from 195 to 201 as a human moved the fader
16:41:31 [DEBUG] (17) goxlr_daemon::device: Updating Music volume from 201 to 205 as a human moved the fader
16:41:31 [DEBUG] (17) goxlr_daemon::device: Updating Music volume from 205 to 212 as a human moved the fader
16:41:31 [DEBUG] (17) goxlr_daemon::device: Updating Music volume from 212 to 219 as a human moved the fader
16:41:31 [DEBUG] (17) goxlr_daemon::device: Updating Music volume from 219 to 225 as a human moved the fader
16:41:31 [DEBUG] (17) goxlr_daemon::device: Updating Music volume from 225 to 234 as a human moved the fader
16:41:31 [DEBUG] (17) goxlr_daemon::device: Updating Music volume from 234 to 239 as a human moved the fader
16:41:31 [DEBUG] (17) goxlr_daemon::device: Updating Music volume from 239 to 246 as a human moved the fader
16:41:31 [DEBUG] (17) goxlr_daemon::device: Updating Music volume from 246 to 250 as a human moved the fader
16:41:31 [DEBUG] (17) goxlr_daemon::device: Updating Music volume from 250 to 254 as a human moved the fader
16:41:34 [DEBUG] (13) goxlr_daemon::device: Updating Music volume from 254 to 246 as a human moved the fader
16:41:34 [DEBUG] (13) goxlr_daemon::device: Updating Music volume from 246 to 239 as a human moved the fader
16:41:34 [DEBUG] (13) goxlr_daemon::device: Updating Music volume from 239 to 232 as a human moved the fader
16:41:34 [DEBUG] (13) goxlr_daemon::device: Updating Music volume from 232 to 225 as a human moved the fader
16:41:34 [DEBUG] (13) goxlr_daemon::device: Updating Music volume from 225 to 218 as a human moved the fader
16:41:34 [DEBUG] (13) goxlr_daemon::device: Updating Music volume from 218 to 211 as a human moved the fader
16:41:34 [DEBUG] (13) goxlr_daemon::device: Updating Music volume from 211 to 205 as a human moved the fader
16:41:34 [DEBUG] (13) goxlr_daemon::device: Updating Music volume from 205 to 199 as a human moved the fader
16:41:34 [DEBUG] (13) goxlr_daemon::device: Updating Music volume from 199 to 195 as a human moved the fader
16:41:34 [DEBUG] (13) goxlr_daemon::device: Updating Music volume from 195 to 193 as a human moved the fader
16:41:34 [DEBUG] (13) goxlr_daemon::device: Updating Music volume from 193 to 191 as a human moved the fader
16:41:34 [DEBUG] (13) goxlr_daemon::device: Updating Music volume from 191 to 189 as a human moved the fader
16:41:34 [DEBUG] (13) goxlr_daemon::device: Updating Music volume from 189 to 187 as a human moved the fader
16:41:34 [DEBUG] (13) goxlr_daemon::device: Updating Music volume from 187 to 185 as a human moved the fader
16:41:34 [DEBUG] (13) goxlr_daemon::device: Updating Music volume from 185 to 181 as a human moved the fader
16:41:34 [DEBUG] (13) goxlr_daemon::device: Updating Music volume from 181 to 179 as a human moved the fader
16:41:34 [DEBUG] (13) goxlr_daemon::device: Updating Music volume from 179 to 175 as a human moved the fader
16:41:34 [DEBUG] (13) goxlr_daemon::device: Updating Music volume from 175 to 171 as a human moved the fader
16:41:35 [DEBUG] (13) goxlr_daemon::device: Updating Music volume from 171 to 167 as a human moved the fader
16:41:35 [DEBUG] (13) goxlr_daemon::device: Updating Music volume from 167 to 161 as a human moved the fader
16:41:35 [DEBUG] (13) goxlr_daemon::device: Updating Music volume from 161 to 157 as a human moved the fader
16:41:35 [DEBUG] (13) goxlr_daemon::device: Updating Music volume from 157 to 153 as a human moved the fader
16:41:35 [DEBUG] (13) goxlr_daemon::device: Updating Music volume from 153 to 147 as a human moved the fader
16:41:35 [DEBUG] (13) goxlr_daemon::device: Updating Music volume from 147 to 141 as a human moved the fader
16:41:35 [DEBUG] (13) goxlr_daemon::device: Updating Music volume from 141 to 136 as a human moved the fader
16:41:35 [DEBUG] (13) goxlr_daemon::device: Updating Music volume from 136 to 131 as a human moved the fader
16:41:35 [DEBUG] (13) goxlr_daemon::device: Updating Music volume from 131 to 126 as a human moved the fader
16:41:35 [DEBUG] (13) goxlr_daemon::device: Updating Music volume from 126 to 121 as a human moved the fader
16:41:35 [DEBUG] (13) goxlr_daemon::device: Updating Music volume from 121 to 114 as a human moved the fader
16:41:35 [DEBUG] (13) goxlr_daemon::device: Updating Music volume from 114 to 110 as a human moved the fader
16:41:35 [DEBUG] (13) goxlr_daemon::device: Updating Music volume from 110 to 106 as a human moved the fader
16:41:35 [DEBUG] (13) goxlr_daemon::device: Updating Music volume from 106 to 99 as a human moved the fader
16:41:35 [DEBUG] (13) goxlr_daemon::device: Updating Music volume from 99 to 95 as a human moved the fader
16:41:35 [DEBUG] (13) goxlr_daemon::device: Updating Music volume from 95 to 91 as a human moved the fader
16:41:35 [DEBUG] (13) goxlr_daemon::device: Updating Music volume from 91 to 89 as a human moved the fader
16:41:35 [DEBUG] (13) goxlr_daemon::device: Updating Music volume from 89 to 85 as a human moved the fader
16:41:35 [DEBUG] (13) goxlr_daemon::device: Updating Music volume from 85 to 83 as a human moved the fader
16:41:35 [DEBUG] (13) goxlr_daemon::device: Updating Music volume from 83 to 81 as a human moved the fader
16:41:35 [DEBUG] (13) goxlr_daemon::device: Updating Music volume from 81 to 79 as a human moved the fader
16:41:35 [DEBUG] (13) goxlr_daemon::device: Updating Music volume from 79 to 75 as a human moved the fader
16:41:35 [DEBUG] (13) goxlr_daemon::device: Updating Music volume from 75 to 73 as a human moved the fader
16:41:35 [DEBUG] (13) goxlr_daemon::device: Updating Music volume from 73 to 71 as a human moved the fader
16:41:35 [DEBUG] (13) goxlr_daemon::device: Updating Music volume from 71 to 69 as a human moved the fader
16:41:35 [DEBUG] (13) goxlr_daemon::device: Updating Music volume from 69 to 67 as a human moved the fader
16:41:37 [DEBUG] (13) goxlr_daemon::device: Updating Music volume from 67 to 71 as a human moved the fader
16:41:37 [DEBUG] (13) goxlr_daemon::device: Updating Music volume from 71 to 73 as a human moved the fader
16:41:37 [DEBUG] (13) goxlr_daemon::device: Updating Music volume from 73 to 75 as a human moved the fader
16:41:37 [DEBUG] (13) goxlr_daemon::device: Updating Music volume from 75 to 77 as a human moved the fader
16:41:37 [DEBUG] (13) goxlr_daemon::device: Updating Music volume from 77 to 79 as a human moved the fader
16:41:37 [DEBUG] (13) goxlr_daemon::device: Updating Music volume from 79 to 81 as a human moved the fader
16:41:37 [DEBUG] (13) goxlr_daemon::device: Updating Music volume from 81 to 85 as a human moved the fader
16:41:37 [DEBUG] (13) goxlr_daemon::device: Updating Music volume from 85 to 87 as a human moved the fader
16:41:37 [DEBUG] (13) goxlr_daemon::device: Updating Music volume from 87 to 91 as a human moved the fader
16:41:37 [DEBUG] (13) goxlr_daemon::device: Updating Music volume from 91 to 95 as a human moved the fader
16:41:37 [DEBUG] (13) goxlr_daemon::device: Updating Music volume from 95 to 99 as a human moved the fader
16:41:38 [DEBUG] (13) goxlr_daemon::device: Updating Music volume from 99 to 104 as a human moved the fader
16:41:38 [DEBUG] (13) goxlr_daemon::device: Updating Music volume from 104 to 108 as a human moved the fader
16:41:38 [DEBUG] (13) goxlr_daemon::device: Updating Music volume from 108 to 115 as a human moved the fader
16:41:38 [DEBUG] (13) goxlr_daemon::device: Updating Music volume from 115 to 119 as a human moved the fader
16:41:38 [DEBUG] (13) goxlr_daemon::device: Updating Music volume from 119 to 128 as a human moved the fader
16:41:38 [DEBUG] (13) goxlr_daemon::device: Updating Music volume from 128 to 135 as a human moved the fader
16:41:38 [DEBUG] (13) goxlr_daemon::device: Updating Music volume from 135 to 142 as a human moved the fader
16:41:38 [DEBUG] (13) goxlr_daemon::device: Updating Music volume from 142 to 149 as a human moved the fader
16:41:38 [DEBUG] (13) goxlr_daemon::device: Updating Music volume from 149 to 159 as a human moved the fader
16:41:38 [DEBUG] (13) goxlr_daemon::device: Updating Music volume from 159 to 166 as a human moved the fader
16:41:38 [DEBUG] (13) goxlr_daemon::device: Updating Music volume from 166 to 176 as a human moved the fader
16:41:38 [DEBUG] (13) goxlr_daemon::device: Updating Music volume from 176 to 182 as a human moved the fader
16:41:38 [DEBUG] (13) goxlr_daemon::device: Updating Music volume from 182 to 186 as a human moved the fader
16:41:38 [DEBUG] (13) goxlr_daemon::device: Updating Music volume from 186 to 188 as a human moved the fader
16:41:38 [DEBUG] (13) goxlr_daemon::device: Updating Music volume from 188 to 190 as a human moved the fader
16:41:38 [DEBUG] (13) goxlr_daemon::device: Updating Music volume from 190 to 192 as a human moved the fader
16:41:39 [DEBUG] (13) goxlr_daemon::device: Updating Music volume from 192 to 196 as a human moved the fader
16:41:39 [DEBUG] (13) goxlr_daemon::device: Updating Music volume from 196 to 200 as a human moved the fader
16:41:39 [DEBUG] (13) goxlr_daemon::device: Updating Music volume from 200 to 204 as a human moved the fader
16:41:39 [DEBUG] (13) goxlr_daemon::device: Updating Music volume from 204 to 210 as a human moved the fader
16:41:39 [DEBUG] (13) goxlr_daemon::device: Updating Music volume from 210 to 221 as a human moved the fader
16:41:39 [DEBUG] (13) goxlr_daemon::device: Updating Music volume from 221 to 229 as a human moved the fader
16:41:39 [DEBUG] (13) goxlr_daemon::device: Updating Music volume from 229 to 238 as a human moved the fader
16:41:39 [DEBUG] (13) goxlr_daemon::device: Updating Music volume from 238 to 249 as a human moved the fader
16:41:39 [DEBUG] (13) goxlr_daemon::device: Updating Music volume from 249 to 255 as a human moved the fader
16:41:41 [DEBUG] (15) goxlr_daemon::device: Updating Music volume from 255 to 240 as a human moved the fader
16:41:41 [DEBUG] (15) goxlr_daemon::device: Updating Music volume from 240 to 213 as a human moved the fader
16:41:41 [DEBUG] (15) goxlr_daemon::device: Updating Music volume from 213 to 173 as a human moved the fader
16:41:41 [DEBUG] (15) goxlr_daemon::device: Updating Music volume from 173 to 137 as a human moved the fader
16:41:41 [DEBUG] (15) goxlr_daemon::device: Updating Music volume from 137 to 109 as a human moved the fader
16:41:41 [DEBUG] (15) goxlr_daemon::device: Updating Music volume from 109 to 78 as a human moved the fader
16:41:42 [DEBUG] (15) goxlr_daemon::device: Updating Music volume from 78 to 54 as a human moved the fader
16:41:42 [DEBUG] (15) goxlr_daemon::device: Updating Music volume from 54 to 30 as a human moved the fader
16:41:42 [DEBUG] (15) goxlr_daemon::device: Updating Music volume from 30 to 7 as a human moved the fader
16:41:42 [DEBUG] (15) goxlr_daemon::device: Updating Music volume from 7 to 0 as a human moved the fader
16:41:44 [DEBUG] (17) goxlr_daemon::device: Updating Music volume from 0 to 7 as a human moved the fader
16:41:44 [DEBUG] (17) goxlr_daemon::device: Updating Music volume from 7 to 17 as a human moved the fader
16:41:44 [DEBUG] (17) goxlr_daemon::device: Updating Music volume from 17 to 30 as a human moved the fader
16:41:44 [DEBUG] (17) goxlr_daemon::device: Updating Music volume from 30 to 50 as a human moved the fader
16:41:44 [DEBUG] (17) goxlr_daemon::device: Updating Music volume from 50 to 67 as a human moved the fader
16:41:44 [DEBUG] (17) goxlr_daemon::device: Updating Music volume from 67 to 84 as a human moved the fader
16:41:44 [DEBUG] (17) goxlr_daemon::device: Updating Music volume from 84 to 102 as a human moved the fader
16:41:44 [DEBUG] (17) goxlr_daemon::device: Updating Music volume from 102 to 116 as a human moved the fader
16:41:44 [DEBUG] (17) goxlr_daemon::device: Updating Music volume from 116 to 129 as a human moved the fader
16:41:44 [DEBUG] (17) goxlr_daemon::device: Updating Music volume from 129 to 146 as a human moved the fader
16:41:44 [DEBUG] (17) goxlr_daemon::device: Updating Music volume from 146 to 155 as a human moved the fader
16:41:44 [DEBUG] (17) goxlr_daemon::device: Updating Music volume from 155 to 161 as a human moved the fader
16:41:44 [DEBUG] (17) goxlr_daemon::device: Updating Music volume from 161 to 163 as a human moved the fader
16:41:44 [DEBUG] (17) goxlr_daemon::device: Updating Music volume from 163 to 169 as a human moved the fader
16:41:44 [DEBUG] (17) goxlr_daemon::device: Updating Music volume from 169 to 171 as a human moved the fader
16:44:17 [DEBUG] (17) goxlr_daemon::device: Updating Chat volume from 255 to 249 as a human moved the fader
16:44:17 [DEBUG] (17) goxlr_daemon::device: Updating Chat volume from 249 to 244 as a human moved the fader
16:44:17 [DEBUG] (17) goxlr_daemon::device: Updating Chat volume from 244 to 240 as a human moved the fader
16:44:17 [DEBUG] (17) goxlr_daemon::device: Updating Chat volume from 240 to 232 as a human moved the fader
16:44:17 [DEBUG] (17) goxlr_daemon::device: Updating Chat volume from 232 to 228 as a human moved the fader
16:44:17 [DEBUG] (17) goxlr_daemon::device: Updating Chat volume from 228 to 220 as a human moved the fader
16:44:17 [DEBUG] (17) goxlr_daemon::device: Updating Chat volume from 220 to 214 as a human moved the fader
16:44:17 [DEBUG] (17) goxlr_daemon::device: Updating Chat volume from 214 to 210 as a human moved the fader
16:44:17 [DEBUG] (17) goxlr_daemon::device: Updating Chat volume from 210 to 206 as a human moved the fader
16:44:17 [DEBUG] (17) goxlr_daemon::device: Updating Chat volume from 206 to 204 as a human moved the fader
16:44:17 [DEBUG] (15) goxlr_daemon::device: Updating Chat volume from 204 to 202 as a human moved the fader
16:44:18 [DEBUG] (15) goxlr_daemon::device: Updating Chat volume from 202 to 206 as a human moved the fader
16:44:18 [DEBUG] (15) goxlr_daemon::device: Updating Chat volume from 206 to 208 as a human moved the fader
16:44:18 [DEBUG] (15) goxlr_daemon::device: Updating Chat volume from 208 to 210 as a human moved the fader
16:44:18 [DEBUG] (15) goxlr_daemon::device: Updating Chat volume from 210 to 214 as a human moved the fader
16:44:18 [DEBUG] (15) goxlr_daemon::device: Updating Chat volume from 214 to 216 as a human moved the fader
16:44:18 [DEBUG] (15) goxlr_daemon::device: Updating Chat volume from 216 to 220 as a human moved the fader
16:44:18 [DEBUG] (15) goxlr_daemon::device: Updating Chat volume from 220 to 224 as a human moved the fader
16:44:18 [DEBUG] (15) goxlr_daemon::device: Updating Chat volume from 224 to 226 as a human moved the fader
16:44:18 [DEBUG] (15) goxlr_daemon::device: Updating Chat volume from 226 to 231 as a human moved the fader
16:44:18 [DEBUG] (15) goxlr_daemon::device: Updating Chat volume from 231 to 235 as a human moved the fader
16:44:18 [DEBUG] (15) goxlr_daemon::device: Updating Chat volume from 235 to 239 as a human moved the fader
16:44:18 [DEBUG] (15) goxlr_daemon::device: Updating Chat volume from 239 to 241 as a human moved the fader
16:44:18 [DEBUG] (15) goxlr_daemon::device: Updating Chat volume from 241 to 245 as a human moved the fader
16:44:18 [DEBUG] (15) goxlr_daemon::device: Updating Chat volume from 245 to 243 as a human moved the fader
16:44:18 [DEBUG] (15) goxlr_daemon::device: Updating Chat volume from 243 to 241 as a human moved the fader
16:44:18 [DEBUG] (15) goxlr_daemon::device: Updating Chat volume from 241 to 237 as a human moved the fader
16:44:18 [DEBUG] (15) goxlr_daemon::device: Updating Chat volume from 237 to 235 as a human moved the fader
16:44:18 [DEBUG] (15) goxlr_daemon::device: Updating Chat volume from 235 to 231 as a human moved the fader
16:44:18 [DEBUG] (15) goxlr_daemon::device: Updating Chat volume from 231 to 229 as a human moved the fader
16:44:18 [DEBUG] (15) goxlr_daemon::device: Updating Chat volume from 229 to 225 as a human moved the fader
16:44:18 [DEBUG] (15) goxlr_daemon::device: Updating Chat volume from 225 to 221 as a human moved the fader
16:44:18 [DEBUG] (15) goxlr_daemon::device: Updating Chat volume from 221 to 219 as a human moved the fader
16:44:18 [DEBUG] (15) goxlr_daemon::device: Updating Chat volume from 219 to 217 as a human moved the fader
16:44:18 [DEBUG] (15) goxlr_daemon::device: Updating Chat volume from 217 to 215 as a human moved the fader
16:44:18 [DEBUG] (15) goxlr_daemon::device: Updating Chat volume from 215 to 213 as a human moved the fader
16:44:19 [DEBUG] (15) goxlr_daemon::device: Updating Chat volume from 213 to 217 as a human moved the fader
16:44:19 [DEBUG] (15) goxlr_daemon::device: Updating Chat volume from 217 to 221 as a human moved the fader
16:44:19 [DEBUG] (15) goxlr_daemon::device: Updating Chat volume from 221 to 225 as a human moved the fader
16:44:19 [DEBUG] (15) goxlr_daemon::device: Updating Chat volume from 225 to 227 as a human moved the fader
16:44:19 [DEBUG] (15) goxlr_daemon::device: Updating Chat volume from 227 to 231 as a human moved the fader
16:44:19 [DEBUG] (15) goxlr_daemon::device: Updating Chat volume from 231 to 235 as a human moved the fader
16:44:19 [DEBUG] (15) goxlr_daemon::device: Updating Chat volume from 235 to 237 as a human moved the fader
16:44:19 [DEBUG] (15) goxlr_daemon::device: Updating Chat volume from 237 to 239 as a human moved the fader
16:44:19 [DEBUG] (15) goxlr_daemon::device: Updating Chat volume from 239 to 241 as a human moved the fader
16:44:19 [DEBUG] (15) goxlr_daemon::device: Updating Chat volume from 241 to 243 as a human moved the fader
16:44:19 [DEBUG] (15) goxlr_daemon::device: Updating Chat volume from 243 to 245 as a human moved the fader
16:44:19 [DEBUG] (15) goxlr_daemon::device: Updating Chat volume from 245 to 247 as a human moved the fader
16:44:30 [DEBUG] (15) goxlr_daemon::device: Updating Chat volume from 247 to 250 as a human moved the fader
16:44:30 [DEBUG] (15) goxlr_daemon::device: Updating Chat volume from 250 to 254 as a human moved the fader
16:44:30 [DEBUG] (15) goxlr_daemon::device: Updating Chat volume from 254 to 250 as a human moved the fader
16:44:30 [DEBUG] (15) goxlr_daemon::device: Updating Chat volume from 250 to 242 as a human moved the fader
16:44:30 [DEBUG] (15) goxlr_daemon::device: Updating Chat volume from 242 to 233 as a human moved the fader
16:44:30 [DEBUG] (15) goxlr_daemon::device: Updating Chat volume from 233 to 224 as a human moved the fader
16:44:30 [DEBUG] (15) goxlr_daemon::device: Updating Chat volume from 224 to 213 as a human moved the fader
16:44:30 [DEBUG] (15) goxlr_daemon::device: Updating Chat volume from 213 to 201 as a human moved the fader
16:44:30 [DEBUG] (15) goxlr_daemon::device: Updating Chat volume from 201 to 189 as a human moved the fader
16:44:30 [DEBUG] (15) goxlr_daemon::device: Updating Chat volume from 189 to 174 as a human moved the fader
16:44:30 [DEBUG] (15) goxlr_daemon::device: Updating Chat volume from 174 to 162 as a human moved the fader
16:44:30 [DEBUG] (15) goxlr_daemon::device: Updating Chat volume from 162 to 148 as a human moved the fader
16:44:30 [DEBUG] (15) goxlr_daemon::device: Updating Chat volume from 148 to 130 as a human moved the fader
16:44:30 [DEBUG] (15) goxlr_daemon::device: Updating Chat volume from 130 to 111 as a human moved the fader
16:44:30 [DEBUG] (15) goxlr_daemon::device: Updating Chat volume from 111 to 98 as a human moved the fader
16:44:30 [DEBUG] (15) goxlr_daemon::device: Updating Chat volume from 98 to 85 as a human moved the fader
16:44:30 [DEBUG] (15) goxlr_daemon::device: Updating Chat volume from 85 to 76 as a human moved the fader
16:44:30 [DEBUG] (15) goxlr_daemon::device: Updating Chat volume from 76 to 67 as a human moved the fader
16:44:30 [DEBUG] (15) goxlr_daemon::device: Updating Chat volume from 67 to 58 as a human moved the fader
16:44:30 [DEBUG] (15) goxlr_daemon::device: Updating Chat volume from 58 to 52 as a human moved the fader
16:44:30 [DEBUG] (15) goxlr_daemon::device: Updating Chat volume from 52 to 47 as a human moved the fader
16:44:30 [DEBUG] (15) goxlr_daemon::device: Updating Chat volume from 47 to 45 as a human moved the fader
16:44:30 [DEBUG] (15) goxlr_daemon::device: Updating Chat volume from 45 to 43 as a human moved the fader
16:44:30 [DEBUG] (13) goxlr_daemon::device: Updating Chat volume from 43 to 39 as a human moved the fader
16:44:30 [DEBUG] (13) goxlr_daemon::device: Updating Chat volume from 39 to 37 as a human moved the fader
16:44:30 [DEBUG] (13) goxlr_daemon::device: Updating Chat volume from 37 to 33 as a human moved the fader
16:44:30 [DEBUG] (13) goxlr_daemon::device: Updating Chat volume from 33 to 27 as a human moved the fader
16:44:30 [DEBUG] (13) goxlr_daemon::device: Updating Chat volume from 27 to 20 as a human moved the fader
16:44:30 [DEBUG] (13) goxlr_daemon::device: Updating Chat volume from 20 to 18 as a human moved the fader
16:44:30 [DEBUG] (13) goxlr_daemon::device: Updating Chat volume from 18 to 6 as a human moved the fader
16:44:30 [DEBUG] (13) goxlr_daemon::device: Updating Chat volume from 6 to 0 as a human moved the fader
16:44:31 [DEBUG] (15) goxlr_daemon::device: Updating Chat volume from 0 to 9 as a human moved the fader
16:44:31 [DEBUG] (15) goxlr_daemon::device: Updating Chat volume from 9 to 22 as a human moved the fader
16:44:31 [DEBUG] (15) goxlr_daemon::device: Updating Chat volume from 22 to 31 as a human moved the fader
16:44:31 [DEBUG] (15) goxlr_daemon::device: Updating Chat volume from 31 to 36 as a human moved the fader
16:44:31 [DEBUG] (15) goxlr_daemon::device: Updating Chat volume from 36 to 38 as a human moved the fader
16:44:31 [DEBUG] (15) goxlr_daemon::device: Updating Chat volume from 38 to 40 as a human moved the fader
16:44:31 [DEBUG] (15) goxlr_daemon::device: Updating Chat volume from 40 to 42 as a human moved the fader
16:44:32 [DEBUG] (15) goxlr_daemon::device: Updating Chat volume from 42 to 53 as a human moved the fader
16:44:32 [DEBUG] (15) goxlr_daemon::device: Updating Chat volume from 53 to 60 as a human moved the fader
16:44:32 [DEBUG] (15) goxlr_daemon::device: Updating Chat volume from 60 to 67 as a human moved the fader
16:44:32 [DEBUG] (15) goxlr_daemon::device: Updating Chat volume from 67 to 76 as a human moved the fader
16:44:32 [DEBUG] (15) goxlr_daemon::device: Updating Chat volume from 76 to 83 as a human moved the fader
16:44:32 [DEBUG] (15) goxlr_daemon::device: Updating Chat volume from 83 to 96 as a human moved the fader
16:44:32 [DEBUG] (15) goxlr_daemon::device: Updating Chat volume from 96 to 104 as a human moved the fader
16:44:32 [DEBUG] (15) goxlr_daemon::device: Updating Chat volume from 104 to 112 as a human moved the fader
16:44:32 [DEBUG] (15) goxlr_daemon::device: Updating Chat volume from 112 to 122 as a human moved the fader
16:44:32 [DEBUG] (15) goxlr_daemon::device: Updating Chat volume from 122 to 133 as a human moved the fader
16:44:32 [DEBUG] (15) goxlr_daemon::device: Updating Chat volume from 133 to 144 as a human moved the fader
16:44:32 [DEBUG] (15) goxlr_daemon::device: Updating Chat volume from 144 to 156 as a human moved the fader
16:44:32 [DEBUG] (15) goxlr_daemon::device: Updating Chat volume from 156 to 164 as a human moved the fader
16:44:32 [DEBUG] (15) goxlr_daemon::device: Updating Chat volume from 164 to 175 as a human moved the fader
16:44:32 [DEBUG] (15) goxlr_daemon::device: Updating Chat volume from 175 to 185 as a human moved the fader
16:44:32 [DEBUG] (15) goxlr_daemon::device: Updating Chat volume from 185 to 194 as a human moved the fader
16:44:32 [DEBUG] (15) goxlr_daemon::device: Updating Chat volume from 194 to 201 as a human moved the fader
16:44:32 [DEBUG] (15) goxlr_daemon::device: Updating Chat volume from 201 to 208 as a human moved the fader
16:44:32 [DEBUG] (15) goxlr_daemon::device: Updating Chat volume from 208 to 218 as a human moved the fader
16:44:32 [DEBUG] (15) goxlr_daemon::device: Updating Chat volume from 218 to 227 as a human moved the fader
16:44:32 [DEBUG] (15) goxlr_daemon::device: Updating Chat volume from 227 to 234 as a human moved the fader
16:44:32 [DEBUG] (15) goxlr_daemon::device: Updating Chat volume from 234 to 242 as a human moved the fader
16:44:32 [DEBUG] (15) goxlr_daemon::device: Updating Chat volume from 242 to 248 as a human moved the fader
16:44:32 [DEBUG] (15) goxlr_daemon::device: Updating Chat volume from 248 to 254 as a human moved the fader
16:44:35 [DEBUG] (13) goxlr_daemon::device: Updating Chat volume from 254 to 242 as a human moved the fader
16:44:35 [DEBUG] (13) goxlr_daemon::device: Updating Chat volume from 242 to 219 as a human moved the fader
16:44:35 [DEBUG] (13) goxlr_daemon::device: Updating Chat volume from 219 to 184 as a human moved the fader
16:44:35 [DEBUG] (13) goxlr_daemon::device: Updating Chat volume from 184 to 134 as a human moved the fader
16:44:35 [DEBUG] (13) goxlr_daemon::device: Updating Chat volume from 134 to 97 as a human moved the fader
16:44:35 [DEBUG] (13) goxlr_daemon::device: Updating Chat volume from 97 to 61 as a human moved the fader
16:44:35 [DEBUG] (13) goxlr_daemon::device: Updating Chat volume from 61 to 31 as a human moved the fader
16:44:35 [DEBUG] (13) goxlr_daemon::device: Updating Chat volume from 31 to 7 as a human moved the fader
16:44:35 [DEBUG] (13) goxlr_daemon::device: Updating Chat volume from 7 to 0 as a human moved the fader
16:44:37 [DEBUG] (15) goxlr_daemon::device: Updating Chat volume from 0 to 11 as a human moved the fader
16:44:37 [DEBUG] (15) goxlr_daemon::device: Updating Chat volume from 11 to 21 as a human moved the fader
16:44:37 [DEBUG] (15) goxlr_daemon::device: Updating Chat volume from 21 to 37 as a human moved the fader
16:44:37 [DEBUG] (15) goxlr_daemon::device: Updating Chat volume from 37 to 56 as a human moved the fader
16:44:37 [DEBUG] (15) goxlr_daemon::device: Updating Chat volume from 56 to 71 as a human moved the fader
16:44:37 [DEBUG] (15) goxlr_daemon::device: Updating Chat volume from 71 to 87 as a human moved the fader
16:44:37 [DEBUG] (15) goxlr_daemon::device: Updating Chat volume from 87 to 99 as a human moved the fader
16:44:37 [DEBUG] (15) goxlr_daemon::device: Updating Chat volume from 99 to 115 as a human moved the fader
16:44:37 [DEBUG] (15) goxlr_daemon::device: Updating Chat volume from 115 to 123 as a human moved the fader
16:44:37 [DEBUG] (15) goxlr_daemon::device: Updating Chat volume from 123 to 128 as a human moved the fader
16:44:37 [DEBUG] (15) goxlr_daemon::device: Updating Chat volume from 128 to 130 as a human moved the fader
16:44:37 [DEBUG] (15) goxlr_daemon::device: Updating Chat volume from 130 to 132 as a human moved the fader
16:44:38 [DEBUG] (15) goxlr_daemon::device: Updating Chat volume from 132 to 136 as a human moved the fader
16:44:38 [DEBUG] (15) goxlr_daemon::device: Updating Chat volume from 136 to 145 as a human moved the fader
16:44:38 [DEBUG] (15) goxlr_daemon::device: Updating Chat volume from 145 to 152 as a human moved the fader
16:44:38 [DEBUG] (15) goxlr_daemon::device: Updating Chat volume from 152 to 167 as a human moved the fader
16:44:38 [DEBUG] (15) goxlr_daemon::device: Updating Chat volume from 167 to 181 as a human moved the fader
16:44:38 [DEBUG] (15) goxlr_daemon::device: Updating Chat volume from 181 to 203 as a human moved the fader
16:44:38 [DEBUG] (15) goxlr_daemon::device: Updating Chat volume from 203 to 220 as a human moved the fader
16:44:38 [DEBUG] (15) goxlr_daemon::device: Updating Chat volume from 220 to 237 as a human moved the fader
16:44:38 [DEBUG] (15) goxlr_daemon::device: Updating Chat volume from 237 to 247 as a human moved the fader
16:44:38 [DEBUG] (15) goxlr_daemon::device: Updating Chat volume from 247 to 255 as a human moved the fader
16:44:44 [DEBUG] (13) goxlr_daemon::device: Updating Chat volume from 255 to 251 as a human moved the fader
16:44:44 [DEBUG] (13) goxlr_daemon::device: Updating Chat volume from 251 to 243 as a human moved the fader
16:44:44 [DEBUG] (13) goxlr_daemon::device: Updating Chat volume from 243 to 238 as a human moved the fader
16:44:44 [DEBUG] (13) goxlr_daemon::device: Updating Chat volume from 238 to 229 as a human moved the fader
16:44:44 [DEBUG] (13) goxlr_daemon::device: Updating Chat volume from 229 to 220 as a human moved the fader
16:44:44 [DEBUG] (13) goxlr_daemon::device: Updating Chat volume from 220 to 214 as a human moved the fader
16:44:44 [DEBUG] (13) goxlr_daemon::device: Updating Chat volume from 214 to 210 as a human moved the fader
16:44:44 [DEBUG] (15) goxlr_daemon::device: Updating Chat volume from 210 to 212 as a human moved the fader
16:44:44 [DEBUG] (15) goxlr_daemon::device: Updating Chat volume from 212 to 214 as a human moved the fader
16:44:44 [DEBUG] (15) goxlr_daemon::device: Updating Chat volume from 214 to 216 as a human moved the fader
16:44:44 [DEBUG] (15) goxlr_daemon::device: Updating Chat volume from 216 to 218 as a human moved the fader
16:45:13 [DEBUG] (15) goxlr_daemon::device: Updating Music volume from 171 to 169 as a human moved the fader
16:45:13 [DEBUG] (15) goxlr_daemon::device: Updating Music volume from 169 to 160 as a human moved the fader
16:45:13 [DEBUG] (15) goxlr_daemon::device: Updating Music volume from 160 to 153 as a human moved the fader
16:45:13 [DEBUG] (15) goxlr_daemon::device: Updating Music volume from 153 to 145 as a human moved the fader
16:45:13 [DEBUG] (15) goxlr_daemon::device: Updating Music volume from 145 to 134 as a human moved the fader
16:45:13 [DEBUG] (15) goxlr_daemon::device: Updating Music volume from 134 to 127 as a human moved the fader
16:45:13 [DEBUG] (15) goxlr_daemon::device: Updating Music volume from 127 to 119 as a human moved the fader
16:45:13 [DEBUG] (15) goxlr_daemon::device: Updating Music volume from 119 to 114 as a human moved the fader
16:45:13 [DEBUG] (15) goxlr_daemon::device: Updating Music volume from 114 to 109 as a human moved the fader
16:45:13 [DEBUG] (15) goxlr_daemon::device: Updating Music volume from 109 to 104 as a human moved the fader
16:45:13 [DEBUG] (15) goxlr_daemon::device: Updating Music volume from 104 to 97 as a human moved the fader
16:45:13 [DEBUG] (15) goxlr_daemon::device: Updating Music volume from 97 to 90 as a human moved the fader
16:45:13 [DEBUG] (15) goxlr_daemon::device: Updating Music volume from 90 to 83 as a human moved the fader
16:45:13 [DEBUG] (15) goxlr_daemon::device: Updating Music volume from 83 to 76 as a human moved the fader
16:45:13 [DEBUG] (15) goxlr_daemon::device: Updating Music volume from 76 to 72 as a human moved the fader
16:45:13 [DEBUG] (15) goxlr_daemon::device: Updating Music volume from 72 to 70 as a human moved the fader
16:45:13 [DEBUG] (15) goxlr_daemon::device: Updating Music volume from 70 to 65 as a human moved the fader
16:45:13 [DEBUG] (15) goxlr_daemon::device: Updating Music volume from 65 to 63 as a human moved the fader
16:45:13 [DEBUG] (15) goxlr_daemon::device: Updating Music volume from 63 to 59 as a human moved the fader
16:45:13 [DEBUG] (15) goxlr_daemon::device: Updating Music volume from 59 to 57 as a human moved the fader
16:45:13 [DEBUG] (15) goxlr_daemon::device: Updating Music volume from 57 to 55 as a human moved the fader
16:45:13 [DEBUG] (15) goxlr_daemon::device: Updating Music volume from 55 to 53 as a human moved the fader
16:45:13 [DEBUG] (15) goxlr_daemon::device: Updating Music volume from 53 to 48 as a human moved the fader
16:45:13 [DEBUG] (15) goxlr_daemon::device: Updating Music volume from 48 to 46 as a human moved the fader
16:45:14 [DEBUG] (15) goxlr_daemon::device: Updating Music volume from 46 to 41 as a human moved the fader
16:45:14 [DEBUG] (15) goxlr_daemon::device: Updating Music volume from 41 to 37 as a human moved the fader
16:45:14 [DEBUG] (15) goxlr_daemon::device: Updating Music volume from 37 to 33 as a human moved the fader
16:45:14 [DEBUG] (15) goxlr_daemon::device: Updating Music volume from 33 to 27 as a human moved the fader
16:45:14 [DEBUG] (15) goxlr_daemon::device: Updating Music volume from 27 to 22 as a human moved the fader
16:45:14 [DEBUG] (15) goxlr_daemon::device: Updating Music volume from 22 to 15 as a human moved the fader
16:45:14 [DEBUG] (15) goxlr_daemon::device: Updating Music volume from 15 to 7 as a human moved the fader
16:45:14 [DEBUG] (15) goxlr_daemon::device: Updating Music volume from 7 to 1 as a human moved the fader
16:45:14 [DEBUG] (15) goxlr_daemon::device: Updating Music volume from 1 to 12 as a human moved the fader
16:45:15 [DEBUG] (15) goxlr_daemon::device: Updating Music volume from 12 to 25 as a human moved the fader
16:45:15 [DEBUG] (15) goxlr_daemon::device: Updating Music volume from 25 to 42 as a human moved the fader
16:45:15 [DEBUG] (15) goxlr_daemon::device: Updating Music volume from 42 to 61 as a human moved the fader
16:45:15 [DEBUG] (15) goxlr_daemon::device: Updating Music volume from 61 to 80 as a human moved the fader
16:45:15 [DEBUG] (15) goxlr_daemon::device: Updating Music volume from 80 to 97 as a human moved the fader
16:45:15 [DEBUG] (15) goxlr_daemon::device: Updating Music volume from 97 to 117 as a human moved the fader
16:45:15 [DEBUG] (15) goxlr_daemon::device: Updating Music volume from 117 to 129 as a human moved the fader
16:45:15 [DEBUG] (15) goxlr_daemon::device: Updating Music volume from 129 to 143 as a human moved the fader
16:45:15 [DEBUG] (15) goxlr_daemon::device: Updating Music volume from 143 to 151 as a human moved the fader
16:45:15 [DEBUG] (15) goxlr_daemon::device: Updating Music volume from 151 to 162 as a human moved the fader
16:45:15 [DEBUG] (15) goxlr_daemon::device: Updating Music volume from 162 to 170 as a human moved the fader
16:45:15 [DEBUG] (15) goxlr_daemon::device: Updating Music volume from 170 to 178 as a human moved the fader
16:45:15 [DEBUG] (15) goxlr_daemon::device: Updating Music volume from 178 to 186 as a human moved the fader
16:45:15 [DEBUG] (15) goxlr_daemon::device: Updating Music volume from 186 to 194 as a human moved the fader
16:45:15 [DEBUG] (15) goxlr_daemon::device: Updating Music volume from 194 to 203 as a human moved the fader
16:45:15 [DEBUG] (15) goxlr_daemon::device: Updating Music volume from 203 to 210 as a human moved the fader
16:45:15 [DEBUG] (15) goxlr_daemon::device: Updating Music volume from 210 to 220 as a human moved the fader
16:45:15 [DEBUG] (15) goxlr_daemon::device: Updating Music volume from 220 to 229 as a human moved the fader
16:45:15 [DEBUG] (15) goxlr_daemon::device: Updating Music volume from 229 to 235 as a human moved the fader
16:45:15 [DEBUG] (15) goxlr_daemon::device: Updating Music volume from 235 to 240 as a human moved the fader
16:45:15 [DEBUG] (15) goxlr_daemon::device: Updating Music volume from 240 to 245 as a human moved the fader
16:45:15 [DEBUG] (15) goxlr_daemon::device: Updating Music volume from 245 to 250 as a human moved the fader
16:45:15 [DEBUG] (15) goxlr_daemon::device: Updating Music volume from 250 to 254 as a human moved the fader
16:45:16 [DEBUG] (17) goxlr_daemon::device: Updating Music volume from 254 to 240 as a human moved the fader
16:45:16 [DEBUG] (17) goxlr_daemon::device: Updating Music volume from 240 to 226 as a human moved the fader
16:45:16 [DEBUG] (17) goxlr_daemon::device: Updating Music volume from 226 to 209 as a human moved the fader
16:45:16 [DEBUG] (17) goxlr_daemon::device: Updating Music volume from 209 to 197 as a human moved the fader
16:45:16 [DEBUG] (17) goxlr_daemon::device: Updating Music volume from 197 to 185 as a human moved the fader
16:45:16 [DEBUG] (17) goxlr_daemon::device: Updating Music volume from 185 to 178 as a human moved the fader
16:45:16 [DEBUG] (17) goxlr_daemon::device: Updating Music volume from 178 to 176 as a human moved the fader
16:45:16 [DEBUG] (17) goxlr_daemon::device: Updating Music volume from 176 to 174 as a human moved the fader
16:46:37 [DEBUG] (17) goxlr_daemon::device: Setting Routing: Chat BroadcastMix true
16:46:37 [DEBUG] (17) goxlr_daemon::device: IsStreamNoMusic: false
16:46:37 [DEBUG] (17) goxlr_daemon::device: Applying Routing to Chat:
16:46:37 [DEBUG] (17) goxlr_daemon::device: Setting Routing: Chat BroadcastMix false
16:46:37 [DEBUG] (17) goxlr_daemon::device: IsStreamNoMusic: false
16:46:37 [DEBUG] (17) goxlr_daemon::device: Applying Routing to Chat:
16:49:46 [DEBUG] (17) goxlr_daemon::profile: Setting Fader Style to: TwoColour
16:49:46 [DEBUG] (17) goxlr_daemon::profile: Setting Fader Style to: TwoColour
16:49:46 [DEBUG] (17) goxlr_daemon::profile: Setting Fader Style to: TwoColour
16:49:46 [DEBUG] (17) goxlr_daemon::profile: Setting Fader Style to: TwoColour
16:49:47 [DEBUG] (17) goxlr_daemon::profile: Setting Fader Style to: TwoColour
16:49:47 [DEBUG] (17) goxlr_daemon::profile: Setting Fader Style to: TwoColour
16:49:47 [DEBUG] (17) goxlr_daemon::profile: Setting Fader Style to: TwoColour
16:49:47 [DEBUG] (17) goxlr_daemon::profile: Setting Fader Style to: TwoColour
16:49:47 [DEBUG] (17) goxlr_daemon::profile: Setting Fader Style to: TwoColour
16:49:47 [DEBUG] (17) goxlr_daemon::profile: Setting Fader Style to: TwoColour
16:49:47 [DEBUG] (17) goxlr_daemon::profile: Setting Fader Style to: TwoColour
16:49:47 [DEBUG] (17) goxlr_daemon::profile: Setting Fader Style to: TwoColour
16:50:11 [DEBUG] (17) goxlr_daemon::profile: Setting Fader Style to: TwoColour
16:50:11 [DEBUG] (17) goxlr_daemon::profile: Setting Fader Style to: TwoColour
16:50:11 [DEBUG] (17) goxlr_daemon::profile: Setting Fader Style to: TwoColour
16:50:11 [DEBUG] (17) goxlr_daemon::profile: Setting Fader Style to: TwoColour
16:50:11 [DEBUG] (17) goxlr_daemon::profile: Setting Fader Style to: TwoColour
16:50:11 [DEBUG] (17) goxlr_daemon::profile: Setting Fader Style to: TwoColour
16:50:11 [DEBUG] (17) goxlr_daemon::profile: Setting Fader Style to: TwoColour
16:50:11 [DEBUG] (17) goxlr_daemon::profile: Setting Fader Style to: TwoColour
16:50:11 [DEBUG] (17) goxlr_daemon::profile: Setting Fader Style to: TwoColour
16:50:11 [DEBUG] (17) goxlr_daemon::profile: Setting Fader Style to: TwoColour
16:50:11 [DEBUG] (17) goxlr_daemon::profile: Setting Fader Style to: TwoColour
16:50:11 [DEBUG] (17) goxlr_daemon::profile: Setting Fader Style to: TwoColour
16:50:11 [DEBUG] (17) goxlr_daemon::profile: Setting Fader Style to: TwoColour
16:50:11 [DEBUG] (17) goxlr_daemon::profile: Setting Fader Style to: TwoColour
16:50:11 [DEBUG] (17) goxlr_daemon::profile: Setting Fader Style to: TwoColour
16:50:11 [DEBUG] (17) goxlr_daemon::profile: Setting Fader Style to: TwoColour
16:51:00 [DEBUG] (15) goxlr_daemon::profile: Setting Fader Style to: TwoColour
16:51:00 [DEBUG] (15) goxlr_daemon::profile: Setting Fader Style to: TwoColour
16:51:00 [DEBUG] (15) goxlr_daemon::profile: Setting Fader Style to: TwoColour
16:51:00 [DEBUG] (15) goxlr_daemon::profile: Setting Fader Style to: TwoColour
16:51:00 [DEBUG] (15) goxlr_daemon::profile: Setting Fader Style to: TwoColour
16:51:00 [DEBUG] (15) goxlr_daemon::profile: Setting Fader Style to: TwoColour
16:51:00 [DEBUG] (15) goxlr_daemon::profile: Setting Fader Style to: TwoColour
16:51:00 [DEBUG] (15) goxlr_daemon::profile: Setting Fader Style to: TwoColour
16:51:12 [DEBUG] (15) goxlr_daemon::device: Updating System volume from 195 to 190 as a human moved the fader
16:51:12 [DEBUG] (15) goxlr_daemon::device: Updating System volume from 190 to 188 as a human moved the fader
16:51:12 [DEBUG] (15) goxlr_daemon::device: Updating System volume from 188 to 186 as a human moved the fader
16:51:12 [DEBUG] (15) goxlr_daemon::device: Updating System volume from 186 to 182 as a human moved the fader
16:51:12 [DEBUG] (15) goxlr_daemon::device: Updating System volume from 182 to 177 as a human moved the fader
16:51:12 [DEBUG] (15) goxlr_daemon::device: Updating System volume from 177 to 172 as a human moved the fader
16:51:12 [DEBUG] (15) goxlr_daemon::device: Updating System volume from 172 to 168 as a human moved the fader
16:51:12 [DEBUG] (15) goxlr_daemon::device: Updating System volume from 168 to 163 as a human moved the fader
16:51:12 [DEBUG] (15) goxlr_daemon::device: Updating System volume from 163 to 159 as a human moved the fader
16:51:12 [DEBUG] (15) goxlr_daemon::device: Updating System volume from 159 to 157 as a human moved the fader
16:51:12 [DEBUG] (15) goxlr_daemon::device: Updating System volume from 157 to 153 as a human moved the fader
16:51:12 [DEBUG] (15) goxlr_daemon::device: Updating System volume from 153 to 151 as a human moved the fader
16:51:12 [DEBUG] (15) goxlr_daemon::device: Updating System volume from 151 to 149 as a human moved the fader
16:51:12 [DEBUG] (15) goxlr_daemon::device: Updating System volume from 149 to 147 as a human moved the fader
16:51:12 [DEBUG] (15) goxlr_daemon::device: Updating System volume from 147 to 145 as a human moved the fader
16:51:12 [DEBUG] (15) goxlr_daemon::device: Updating System volume from 145 to 141 as a human moved the fader
16:51:12 [DEBUG] (15) goxlr_daemon::device: Updating System volume from 141 to 139 as a human moved the fader
16:51:12 [DEBUG] (15) goxlr_daemon::device: Updating System volume from 139 to 141 as a human moved the fader
16:51:12 [DEBUG] (15) goxlr_daemon::device: Updating System volume from 141 to 145 as a human moved the fader
16:51:12 [DEBUG] (15) goxlr_daemon::device: Updating System volume from 145 to 147 as a human moved the fader
16:51:12 [DEBUG] (15) goxlr_daemon::device: Updating System volume from 147 to 152 as a human moved the fader
16:51:12 [DEBUG] (15) goxlr_daemon::device: Updating System volume from 152 to 156 as a human moved the fader
16:51:12 [DEBUG] (15) goxlr_daemon::device: Updating System volume from 156 to 161 as a human moved the fader
16:51:12 [DEBUG] (15) goxlr_daemon::device: Updating System volume from 161 to 165 as a human moved the fader
16:51:12 [DEBUG] (15) goxlr_daemon::device: Updating System volume from 165 to 169 as a human moved the fader
16:51:12 [DEBUG] (15) goxlr_daemon::device: Updating System volume from 169 to 174 as a human moved the fader
16:51:12 [DEBUG] (15) goxlr_daemon::device: Updating System volume from 174 to 179 as a human moved the fader
16:51:12 [DEBUG] (15) goxlr_daemon::device: Updating System volume from 179 to 184 as a human moved the fader
16:51:12 [DEBUG] (15) goxlr_daemon::device: Updating System volume from 184 to 188 as a human moved the fader
16:51:12 [DEBUG] (15) goxlr_daemon::device: Updating System volume from 188 to 190 as a human moved the fader
16:51:12 [DEBUG] (15) goxlr_daemon::device: Updating System volume from 190 to 195 as a human moved the fader
16:51:12 [DEBUG] (15) goxlr_daemon::device: Updating System volume from 195 to 199 as a human moved the fader
16:51:12 [DEBUG] (15) goxlr_daemon::device: Updating System volume from 199 to 201 as a human moved the fader
16:51:12 [DEBUG] (15) goxlr_daemon::device: Updating System volume from 201 to 203 as a human moved the fader
16:51:12 [DEBUG] (15) goxlr_daemon::device: Updating System volume from 203 to 205 as a human moved the fader
16:51:12 [DEBUG] (15) goxlr_daemon::device: Updating System volume from 205 to 209 as a human moved the fader
16:51:12 [DEBUG] (15) goxlr_daemon::device: Updating System volume from 209 to 213 as a human moved the fader
16:51:13 [DEBUG] (15) goxlr_daemon::device: Updating System volume from 213 to 215 as a human moved the fader
16:51:13 [DEBUG] (15) goxlr_daemon::device: Updating System volume from 215 to 217 as a human moved the fader
16:51:13 [DEBUG] (15) goxlr_daemon::device: Updating System volume from 217 to 219 as a human moved the fader
16:51:13 [DEBUG] (15) goxlr_daemon::device: Updating System volume from 219 to 221 as a human moved the fader
16:51:13 [DEBUG] (15) goxlr_daemon::device: Updating System volume from 221 to 223 as a human moved the fader
16:51:13 [DEBUG] (15) goxlr_daemon::device: Updating System volume from 223 to 227 as a human moved the fader
16:51:13 [DEBUG] (15) goxlr_daemon::device: Updating System volume from 227 to 229 as a human moved the fader
16:51:13 [DEBUG] (15) goxlr_daemon::device: Updating System volume from 229 to 233 as a human moved the fader
16:51:13 [DEBUG] (15) goxlr_daemon::device: Updating System volume from 233 to 237 as a human moved the fader
16:51:13 [DEBUG] (15) goxlr_daemon::device: Updating System volume from 237 to 241 as a human moved the fader
16:51:13 [DEBUG] (15) goxlr_daemon::device: Updating System volume from 241 to 246 as a human moved the fader
16:51:13 [DEBUG] (15) goxlr_daemon::device: Updating System volume from 246 to 250 as a human moved the fader
16:51:13 [DEBUG] (15) goxlr_daemon::device: Updating System volume from 250 to 252 as a human moved the fader
16:51:13 [DEBUG] (15) goxlr_daemon::device: Updating System volume from 252 to 254 as a human moved the fader
16:51:13 [DEBUG] (15) goxlr_daemon::device: Updating System volume from 254 to 247 as a human moved the fader
16:51:13 [DEBUG] (15) goxlr_daemon::device: Updating System volume from 247 to 242 as a human moved the fader
16:51:13 [DEBUG] (15) goxlr_daemon::device: Updating System volume from 242 to 235 as a human moved the fader
16:51:13 [DEBUG] (15) goxlr_daemon::device: Updating System volume from 235 to 230 as a human moved the fader
16:51:13 [DEBUG] (15) goxlr_daemon::device: Updating System volume from 230 to 224 as a human moved the fader
16:51:13 [DEBUG] (15) goxlr_daemon::device: Updating System volume from 224 to 219 as a human moved the fader
16:51:13 [DEBUG] (15) goxlr_daemon::device: Updating System volume from 219 to 214 as a human moved the fader
16:51:13 [DEBUG] (15) goxlr_daemon::device: Updating System volume from 214 to 210 as a human moved the fader
16:51:13 [DEBUG] (15) goxlr_daemon::device: Updating System volume from 210 to 208 as a human moved the fader
16:51:13 [DEBUG] (15) goxlr_daemon::device: Updating System volume from 208 to 206 as a human moved the fader
16:51:13 [DEBUG] (15) goxlr_daemon::device: Updating System volume from 206 to 204 as a human moved the fader
16:51:14 [DEBUG] (15) goxlr_daemon::device: Updating System volume from 204 to 202 as a human moved the fader
16:51:14 [DEBUG] (15) goxlr_daemon::device: Updating System volume from 202 to 200 as a human moved the fader
16:51:14 [DEBUG] (15) goxlr_daemon::device: Updating System volume from 200 to 198 as a human moved the fader
16:51:14 [DEBUG] (15) goxlr_daemon::device: Updating System volume from 198 to 196 as a human moved the fader
16:51:14 [DEBUG] (15) goxlr_daemon::device: Updating System volume from 196 to 194 as a human moved the fader
16:51:14 [DEBUG] (15) goxlr_daemon::device: Updating System volume from 194 to 192 as a human moved the fader
16:51:14 [DEBUG] (15) goxlr_daemon::device: Updating System volume from 192 to 190 as a human moved the fader
16:53:23 [DEBUG] (17) goxlr_daemon::device: Updating System volume from 190 to 186 as a human moved the fader
16:53:23 [DEBUG] (17) goxlr_daemon::device: Updating System volume from 186 to 182 as a human moved the fader
16:53:23 [DEBUG] (17) goxlr_daemon::device: Updating System volume from 182 to 178 as a human moved the fader
16:53:23 [DEBUG] (17) goxlr_daemon::device: Updating System volume from 178 to 174 as a human moved the fader
16:53:23 [DEBUG] (17) goxlr_daemon::device: Updating System volume from 174 to 168 as a human moved the fader
16:53:23 [DEBUG] (17) goxlr_daemon::device: Updating System volume from 168 to 162 as a human moved the fader
16:53:23 [DEBUG] (17) goxlr_daemon::device: Updating System volume from 162 to 155 as a human moved the fader
16:53:23 [DEBUG] (17) goxlr_daemon::device: Updating System volume from 155 to 146 as a human moved the fader
16:53:23 [DEBUG] (17) goxlr_daemon::device: Updating System volume from 146 to 132 as a human moved the fader
16:53:23 [DEBUG] (17) goxlr_daemon::device: Updating System volume from 132 to 120 as a human moved the fader
16:53:23 [DEBUG] (17) goxlr_daemon::device: Updating System volume from 120 to 106 as a human moved the fader
16:53:23 [DEBUG] (17) goxlr_daemon::device: Updating System volume from 106 to 96 as a human moved the fader
16:53:23 [DEBUG] (17) goxlr_daemon::device: Updating System volume from 96 to 88 as a human moved the fader
16:53:23 [DEBUG] (17) goxlr_daemon::device: Updating System volume from 88 to 82 as a human moved the fader
16:53:23 [DEBUG] (17) goxlr_daemon::device: Updating System volume from 82 to 76 as a human moved the fader
16:53:23 [DEBUG] (17) goxlr_daemon::device: Updating System volume from 76 to 68 as a human moved the fader
16:53:23 [DEBUG] (17) goxlr_daemon::device: Updating System volume from 68 to 61 as a human moved the fader
16:53:23 [DEBUG] (17) goxlr_daemon::device: Updating System volume from 61 to 55 as a human moved the fader
16:53:23 [DEBUG] (17) goxlr_daemon::device: Updating System volume from 55 to 50 as a human moved the fader
16:53:23 [DEBUG] (17) goxlr_daemon::device: Updating System volume from 50 to 48 as a human moved the fader
16:53:23 [DEBUG] (13) goxlr_daemon::device: Updating System volume from 48 to 46 as a human moved the fader
16:53:23 [DEBUG] (13) goxlr_daemon::device: Updating System volume from 46 to 44 as a human moved the fader
16:53:24 [DEBUG] (13) goxlr_daemon::device: Updating System volume from 44 to 42 as a human moved the fader
16:53:24 [DEBUG] (13) goxlr_daemon::device: Updating System volume from 42 to 40 as a human moved the fader
16:53:24 [DEBUG] (13) goxlr_daemon::device: Updating System volume from 40 to 35 as a human moved the fader
16:53:24 [DEBUG] (13) goxlr_daemon::device: Updating System volume from 35 to 28 as a human moved the fader
16:53:24 [DEBUG] (13) goxlr_daemon::device: Updating System volume from 28 to 20 as a human moved the fader
16:53:24 [DEBUG] (13) goxlr_daemon::device: Updating System volume from 20 to 12 as a human moved the fader
16:53:24 [DEBUG] (13) goxlr_daemon::device: Updating System volume from 12 to 7 as a human moved the fader
16:53:24 [DEBUG] (13) goxlr_daemon::device: Updating System volume from 7 to 1 as a human moved the fader
16:53:24 [DEBUG] (13) goxlr_daemon::device: Updating System volume from 1 to 12 as a human moved the fader
16:53:24 [DEBUG] (13) goxlr_daemon::device: Updating System volume from 12 to 23 as a human moved the fader
16:53:24 [DEBUG] (13) goxlr_daemon::device: Updating System volume from 23 to 34 as a human moved the fader
16:53:24 [DEBUG] (13) goxlr_daemon::device: Updating System volume from 34 to 47 as a human moved the fader
16:53:24 [DEBUG] (13) goxlr_daemon::device: Updating System volume from 47 to 61 as a human moved the fader
16:53:24 [DEBUG] (13) goxlr_daemon::device: Updating System volume from 61 to 73 as a human moved the fader
16:53:24 [DEBUG] (13) goxlr_daemon::device: Updating System volume from 73 to 80 as a human moved the fader
16:53:24 [DEBUG] (13) goxlr_daemon::device: Updating System volume from 80 to 91 as a human moved the fader
16:53:24 [DEBUG] (13) goxlr_daemon::device: Updating System volume from 91 to 100 as a human moved the fader
16:53:24 [DEBUG] (13) goxlr_daemon::device: Updating System volume from 100 to 109 as a human moved the fader
16:53:25 [DEBUG] (13) goxlr_daemon::device: Updating System volume from 109 to 119 as a human moved the fader
16:53:25 [DEBUG] (13) goxlr_daemon::device: Updating System volume from 119 to 128 as a human moved the fader
16:53:25 [DEBUG] (13) goxlr_daemon::device: Updating System volume from 128 to 135 as a human moved the fader
16:53:25 [DEBUG] (13) goxlr_daemon::device: Updating System volume from 135 to 148 as a human moved the fader
16:53:25 [DEBUG] (13) goxlr_daemon::device: Updating System volume from 148 to 157 as a human moved the fader
16:53:25 [DEBUG] (13) goxlr_daemon::device: Updating System volume from 157 to 167 as a human moved the fader
16:53:25 [DEBUG] (13) goxlr_daemon::device: Updating System volume from 167 to 179 as a human moved the fader
16:53:25 [DEBUG] (13) goxlr_daemon::device: Updating System volume from 179 to 188 as a human moved the fader
16:53:25 [DEBUG] (13) goxlr_daemon::device: Updating System volume from 188 to 196 as a human moved the fader
16:53:25 [DEBUG] (13) goxlr_daemon::device: Updating System volume from 196 to 202 as a human moved the fader
16:53:25 [DEBUG] (13) goxlr_daemon::device: Updating System volume from 202 to 206 as a human moved the fader
16:53:25 [DEBUG] (13) goxlr_daemon::device: Updating System volume from 206 to 210 as a human moved the fader
16:53:25 [DEBUG] (13) goxlr_daemon::device: Updating System volume from 210 to 212 as a human moved the fader
16:53:25 [DEBUG] (13) goxlr_daemon::device: Updating System volume from 212 to 214 as a human moved the fader
16:53:25 [DEBUG] (13) goxlr_daemon::device: Updating System volume from 214 to 218 as a human moved the fader
16:53:25 [DEBUG] (13) goxlr_daemon::device: Updating System volume from 218 to 222 as a human moved the fader
16:53:25 [DEBUG] (13) goxlr_daemon::device: Updating System volume from 222 to 226 as a human moved the fader
16:53:25 [DEBUG] (13) goxlr_daemon::device: Updating System volume from 226 to 232 as a human moved the fader
16:53:25 [DEBUG] (13) goxlr_daemon::device: Updating System volume from 232 to 239 as a human moved the fader
16:53:25 [DEBUG] (13) goxlr_daemon::device: Updating System volume from 239 to 247 as a human moved the fader
16:53:25 [DEBUG] (13) goxlr_daemon::device: Updating System volume from 247 to 253 as a human moved the fader
16:53:25 [DEBUG] (13) goxlr_daemon::device: Updating System volume from 253 to 255 as a human moved the fader
16:53:25 [DEBUG] (13) goxlr_daemon::device: Updating System volume from 255 to 240 as a human moved the fader
16:53:25 [DEBUG] (13) goxlr_daemon::device: Updating System volume from 240 to 226 as a human moved the fader
16:53:25 [DEBUG] (13) goxlr_daemon::device: Updating System volume from 226 to 214 as a human moved the fader
16:53:25 [DEBUG] (13) goxlr_daemon::device: Updating System volume from 214 to 193 as a human moved the fader
16:53:25 [DEBUG] (13) goxlr_daemon::device: Updating System volume from 193 to 181 as a human moved the fader
16:53:25 [DEBUG] (13) goxlr_daemon::device: Updating System volume from 181 to 171 as a human moved the fader
16:53:25 [DEBUG] (13) goxlr_daemon::device: Updating System volume from 171 to 165 as a human moved the fader
16:53:25 [DEBUG] (13) goxlr_daemon::device: Updating System volume from 165 to 157 as a human moved the fader
16:53:25 [DEBUG] (13) goxlr_daemon::device: Updating System volume from 157 to 149 as a human moved the fader
16:53:26 [DEBUG] (13) goxlr_daemon::device: Updating System volume from 149 to 141 as a human moved the fader
16:53:26 [DEBUG] (13) goxlr_daemon::device: Updating System volume from 141 to 137 as a human moved the fader
16:53:26 [DEBUG] (13) goxlr_daemon::device: Updating System volume from 137 to 135 as a human moved the fader
16:53:26 [DEBUG] (13) goxlr_daemon::device: Updating System volume from 135 to 137 as a human moved the fader
16:53:26 [DEBUG] (13) goxlr_daemon::device: Updating System volume from 137 to 139 as a human moved the fader
16:53:26 [DEBUG] (13) goxlr_daemon::device: Updating System volume from 139 to 143 as a human moved the fader
16:53:26 [DEBUG] (13) goxlr_daemon::device: Updating System volume from 143 to 147 as a human moved the fader
16:53:26 [DEBUG] (13) goxlr_daemon::device: Updating System volume from 147 to 152 as a human moved the fader
16:53:26 [DEBUG] (13) goxlr_daemon::device: Updating System volume from 152 to 157 as a human moved the fader
16:53:26 [DEBUG] (13) goxlr_daemon::device: Updating System volume from 157 to 162 as a human moved the fader
16:53:26 [DEBUG] (13) goxlr_daemon::device: Updating System volume from 162 to 164 as a human moved the fader
16:53:26 [DEBUG] (13) goxlr_daemon::device: Updating System volume from 164 to 166 as a human moved the fader
16:53:26 [DEBUG] (13) goxlr_daemon::device: Updating System volume from 166 to 168 as a human moved the fader
16:53:26 [DEBUG] (17) goxlr_daemon::device: Updating System volume from 168 to 170 as a human moved the fader
16:53:26 [DEBUG] (17) goxlr_daemon::device: Updating System volume from 170 to 172 as a human moved the fader
16:53:26 [DEBUG] (17) goxlr_daemon::device: Updating System volume from 172 to 174 as a human moved the fader
16:53:26 [DEBUG] (17) goxlr_daemon::device: Updating System volume from 174 to 176 as a human moved the fader
16:53:26 [DEBUG] (17) goxlr_daemon::device: Updating System volume from 176 to 178 as a human moved the fader
16:53:26 [DEBUG] (17) goxlr_daemon::device: Updating System volume from 178 to 180 as a human moved the fader
16:53:26 [DEBUG] (17) goxlr_daemon::device: Updating System volume from 180 to 182 as a human moved the fader
16:53:26 [DEBUG] (17) goxlr_daemon::device: Updating System volume from 182 to 184 as a human moved the fader
16:53:27 [DEBUG] (17) goxlr_daemon::device: Updating Music volume from 174 to 169 as a human moved the fader
16:53:27 [DEBUG] (17) goxlr_daemon::device: Updating System volume from 184 to 185 as a human moved the fader
16:53:27 [DEBUG] (17) goxlr_daemon::device: Updating Music volume from 169 to 165 as a human moved the fader
16:53:27 [DEBUG] (17) goxlr_daemon::device: Updating Music volume from 165 to 159 as a human moved the fader
16:53:27 [DEBUG] (17) goxlr_daemon::device: Updating Music volume from 159 to 152 as a human moved the fader
16:53:27 [DEBUG] (17) goxlr_daemon::device: Updating Music volume from 152 to 142 as a human moved the fader
16:53:27 [DEBUG] (17) goxlr_daemon::device: Updating Music volume from 142 to 134 as a human moved the fader
16:53:27 [DEBUG] (17) goxlr_daemon::device: Updating Music volume from 134 to 127 as a human moved the fader
16:53:27 [DEBUG] (17) goxlr_daemon::device: Updating Music volume from 127 to 119 as a human moved the fader
16:53:27 [DEBUG] (17) goxlr_daemon::device: Updating Music volume from 119 to 112 as a human moved the fader
16:53:27 [DEBUG] (17) goxlr_daemon::device: Updating Music volume from 112 to 102 as a human moved the fader
16:53:27 [DEBUG] (17) goxlr_daemon::device: Updating Music volume from 102 to 95 as a human moved the fader
16:53:27 [DEBUG] (17) goxlr_daemon::device: Updating Music volume from 95 to 84 as a human moved the fader
16:53:27 [DEBUG] (17) goxlr_daemon::device: Updating Music volume from 84 to 78 as a human moved the fader
16:53:27 [DEBUG] (17) goxlr_daemon::device: Updating Music volume from 78 to 72 as a human moved the fader
16:53:27 [DEBUG] (17) goxlr_daemon::device: Updating Music volume from 72 to 67 as a human moved the fader
16:53:27 [DEBUG] (17) goxlr_daemon::device: Updating Music volume from 67 to 62 as a human moved the fader
16:53:27 [DEBUG] (17) goxlr_daemon::device: Updating Music volume from 62 to 58 as a human moved the fader
16:53:27 [DEBUG] (17) goxlr_daemon::device: Updating Music volume from 58 to 56 as a human moved the fader
16:53:27 [DEBUG] (17) goxlr_daemon::device: Updating Music volume from 56 to 54 as a human moved the fader
16:53:27 [DEBUG] (17) goxlr_daemon::device: Updating Music volume from 54 to 52 as a human moved the fader
16:53:27 [DEBUG] (17) goxlr_daemon::device: Updating Music volume from 52 to 50 as a human moved the fader
16:53:27 [DEBUG] (17) goxlr_daemon::device: Updating Music volume from 50 to 55 as a human moved the fader
16:53:27 [DEBUG] (17) goxlr_daemon::device: Updating Music volume from 55 to 61 as a human moved the fader
16:53:27 [DEBUG] (17) goxlr_daemon::device: Updating Music volume from 61 to 71 as a human moved the fader
16:53:27 [DEBUG] (17) goxlr_daemon::device: Updating Music volume from 71 to 82 as a human moved the fader
16:53:27 [DEBUG] (17) goxlr_daemon::device: Updating Music volume from 82 to 94 as a human moved the fader
16:53:27 [DEBUG] (17) goxlr_daemon::device: Updating Music volume from 94 to 110 as a human moved the fader
16:53:27 [DEBUG] (17) goxlr_daemon::device: Updating Music volume from 110 to 121 as a human moved the fader
16:53:27 [DEBUG] (17) goxlr_daemon::device: Updating Music volume from 121 to 132 as a human moved the fader
16:53:27 [DEBUG] (17) goxlr_daemon::device: Updating Music volume from 132 to 144 as a human moved the fader
16:53:27 [DEBUG] (17) goxlr_daemon::device: Updating Music volume from 144 to 158 as a human moved the fader
16:53:28 [DEBUG] (17) goxlr_daemon::device: Updating Music volume from 158 to 169 as a human moved the fader
16:53:28 [DEBUG] (17) goxlr_daemon::device: Updating Music volume from 169 to 177 as a human moved the fader
16:53:28 [DEBUG] (17) goxlr_daemon::device: Updating Music volume from 177 to 184 as a human moved the fader
16:53:28 [DEBUG] (17) goxlr_daemon::device: Updating Music volume from 184 to 188 as a human moved the fader
16:53:28 [DEBUG] (17) goxlr_daemon::device: Updating Music volume from 188 to 190 as a human moved the fader
16:53:28 [DEBUG] (17) goxlr_daemon::device: Updating Music volume from 190 to 192 as a human moved the fader
16:53:28 [DEBUG] (17) goxlr_daemon::device: Updating Chat volume from 218 to 214 as a human moved the fader
16:53:28 [DEBUG] (17) goxlr_daemon::device: Updating Chat volume from 214 to 210 as a human moved the fader
16:53:28 [DEBUG] (17) goxlr_daemon::device: Updating Chat volume from 210 to 205 as a human moved the fader
16:53:28 [DEBUG] (17) goxlr_daemon::device: Updating Chat volume from 205 to 198 as a human moved the fader
16:53:29 [DEBUG] (17) goxlr_daemon::device: Updating Chat volume from 198 to 192 as a human moved the fader
16:53:29 [DEBUG] (17) goxlr_daemon::device: Updating Chat volume from 192 to 185 as a human moved the fader
16:53:29 [DEBUG] (17) goxlr_daemon::device: Updating Chat volume from 185 to 175 as a human moved the fader
16:53:29 [DEBUG] (17) goxlr_daemon::device: Updating Chat volume from 175 to 166 as a human moved the fader
16:53:29 [DEBUG] (17) goxlr_daemon::device: Updating Chat volume from 166 to 159 as a human moved the fader
16:53:29 [DEBUG] (17) goxlr_daemon::device: Updating Chat volume from 159 to 149 as a human moved the fader
16:53:29 [DEBUG] (17) goxlr_daemon::device: Updating Chat volume from 149 to 142 as a human moved the fader
16:53:29 [DEBUG] (17) goxlr_daemon::device: Updating Chat volume from 142 to 134 as a human moved the fader
16:53:29 [DEBUG] (17) goxlr_daemon::device: Updating Chat volume from 134 to 122 as a human moved the fader
16:53:29 [DEBUG] (17) goxlr_daemon::device: Updating Chat volume from 122 to 114 as a human moved the fader
16:53:29 [DEBUG] (17) goxlr_daemon::device: Updating Chat volume from 114 to 105 as a human moved the fader
16:53:29 [DEBUG] (17) goxlr_daemon::device: Updating Chat volume from 105 to 98 as a human moved the fader
16:53:29 [DEBUG] (13) goxlr_daemon::device: Updating Chat volume from 98 to 94 as a human moved the fader
16:53:29 [DEBUG] (13) goxlr_daemon::device: Updating Chat volume from 94 to 92 as a human moved the fader
16:53:29 [DEBUG] (13) goxlr_daemon::device: Updating Chat volume from 92 to 94 as a human moved the fader
16:53:29 [DEBUG] (13) goxlr_daemon::device: Updating Chat volume from 94 to 98 as a human moved the fader
16:53:29 [DEBUG] (13) goxlr_daemon::device: Updating Chat volume from 98 to 102 as a human moved the fader
16:53:29 [DEBUG] (13) goxlr_daemon::device: Updating Chat volume from 102 to 106 as a human moved the fader
16:53:29 [DEBUG] (13) goxlr_daemon::device: Updating Chat volume from 106 to 112 as a human moved the fader
16:53:29 [DEBUG] (13) goxlr_daemon::device: Updating Chat volume from 112 to 119 as a human moved the fader
16:53:29 [DEBUG] (13) goxlr_daemon::device: Updating Chat volume from 119 to 127 as a human moved the fader
16:53:29 [DEBUG] (13) goxlr_daemon::device: Updating Chat volume from 127 to 136 as a human moved the fader
16:53:29 [DEBUG] (13) goxlr_daemon::device: Updating Chat volume from 136 to 142 as a human moved the fader
16:53:29 [DEBUG] (13) goxlr_daemon::device: Updating Chat volume from 142 to 152 as a human moved the fader
16:53:29 [DEBUG] (13) goxlr_daemon::device: Updating Chat volume from 152 to 159 as a human moved the fader
16:53:29 [DEBUG] (13) goxlr_daemon::device: Updating Chat volume from 159 to 168 as a human moved the fader
16:53:29 [DEBUG] (13) goxlr_daemon::device: Updating Chat volume from 168 to 176 as a human moved the fader
16:53:29 [DEBUG] (13) goxlr_daemon::device: Updating Chat volume from 176 to 182 as a human moved the fader
16:53:29 [DEBUG] (13) goxlr_daemon::device: Updating Chat volume from 182 to 187 as a human moved the fader
16:53:29 [DEBUG] (13) goxlr_daemon::device: Updating Chat volume from 187 to 191 as a human moved the fader
16:53:29 [DEBUG] (13) goxlr_daemon::device: Updating Chat volume from 191 to 193 as a human moved the fader
16:53:29 [DEBUG] (13) goxlr_daemon::device: Updating Chat volume from 193 to 195 as a human moved the fader
16:53:29 [DEBUG] (13) goxlr_daemon::device: Updating Chat volume from 195 to 200 as a human moved the fader
16:53:29 [DEBUG] (13) goxlr_daemon::device: Updating Chat volume from 200 to 204 as a human moved the fader
16:53:30 [DEBUG] (13) goxlr_daemon::device: Updating Chat volume from 204 to 208 as a human moved the fader
16:53:30 [DEBUG] (13) goxlr_daemon::device: Updating Chat volume from 208 to 212 as a human moved the fader
16:53:30 [DEBUG] (13) goxlr_daemon::device: Updating Chat volume from 212 to 214 as a human moved the fader
16:53:30 [DEBUG] (13) goxlr_daemon::device: Updating Chat volume from 214 to 218 as a human moved the fader
16:53:30 [DEBUG] (13) goxlr_daemon::device: Updating Chat volume from 218 to 220 as a human moved the fader
16:53:30 [DEBUG] (13) goxlr_daemon::device: Updating Chat volume from 220 to 222 as a human moved the fader
16:53:30 [DEBUG] (13) goxlr_daemon::device: Updating Chat volume from 222 to 224 as a human moved the fader
16:53:30 [DEBUG] (13) goxlr_daemon::device: Updating Chat volume from 224 to 228 as a human moved the fader
16:53:30 [DEBUG] (13) goxlr_daemon::device: Updating Chat volume from 228 to 230 as a human moved the fader
16:53:30 [DEBUG] (13) goxlr_daemon::device: Updating Chat volume from 230 to 232 as a human moved the fader
16:53:30 [DEBUG] (13) goxlr_daemon::device: Updating Chat volume from 232 to 234 as a human moved the fader
16:53:30 [DEBUG] (13) goxlr_daemon::device: Updating Chat volume from 234 to 238 as a human moved the fader
16:53:30 [DEBUG] (13) goxlr_daemon::device: Updating Chat volume from 238 to 242 as a human moved the fader
16:53:30 [DEBUG] (13) goxlr_daemon::device: Updating Chat volume from 242 to 247 as a human moved the fader
16:53:30 [DEBUG] (13) goxlr_daemon::device: Updating Chat volume from 247 to 252 as a human moved the fader
16:53:30 [DEBUG] (13) goxlr_daemon::device: Updating Chat volume from 252 to 254 as a human moved the fader
16:53:30 [DEBUG] (13) goxlr_daemon::device: Updating Chat volume from 254 to 245 as a human moved the fader
16:53:31 [DEBUG] (13) goxlr_daemon::device: Updating Chat volume from 245 to 238 as a human moved the fader
16:53:31 [DEBUG] (13) goxlr_daemon::device: Updating Chat volume from 238 to 230 as a human moved the fader
16:53:31 [DEBUG] (13) goxlr_daemon::device: Updating Chat volume from 230 to 220 as a human moved the fader
16:53:31 [DEBUG] (13) goxlr_daemon::device: Updating Chat volume from 220 to 209 as a human moved the fader
16:53:31 [DEBUG] (13) goxlr_daemon::device: Updating Chat volume from 209 to 201 as a human moved the fader
16:53:31 [DEBUG] (13) goxlr_daemon::device: Updating Chat volume from 201 to 192 as a human moved the fader
16:53:31 [DEBUG] (13) goxlr_daemon::device: Updating Chat volume from 192 to 186 as a human moved the fader
16:53:31 [DEBUG] (13) goxlr_daemon::device: Updating Chat volume from 186 to 175 as a human moved the fader
16:53:31 [DEBUG] (13) goxlr_daemon::device: Updating Chat volume from 175 to 167 as a human moved the fader
16:53:31 [DEBUG] (13) goxlr_daemon::device: Updating Chat volume from 167 to 156 as a human moved the fader
16:53:31 [DEBUG] (13) goxlr_daemon::device: Updating Chat volume from 156 to 150 as a human moved the fader
16:53:31 [DEBUG] (13) goxlr_daemon::device: Updating Chat volume from 150 to 142 as a human moved the fader
16:53:31 [DEBUG] (13) goxlr_daemon::device: Updating Chat volume from 142 to 137 as a human moved the fader
16:53:31 [DEBUG] (13) goxlr_daemon::device: Updating Chat volume from 137 to 129 as a human moved the fader
16:53:31 [DEBUG] (13) goxlr_daemon::device: Updating Chat volume from 129 to 123 as a human moved the fader
16:53:31 [DEBUG] (13) goxlr_daemon::device: Updating Chat volume from 123 to 116 as a human moved the fader
16:53:31 [DEBUG] (13) goxlr_daemon::device: Updating Chat volume from 116 to 111 as a human moved the fader
16:53:31 [DEBUG] (13) goxlr_daemon::device: Updating Chat volume from 111 to 105 as a human moved the fader
16:53:31 [DEBUG] (13) goxlr_daemon::device: Updating Chat volume from 105 to 99 as a human moved the fader
16:53:31 [DEBUG] (13) goxlr_daemon::device: Updating Chat volume from 99 to 95 as a human moved the fader
16:53:31 [DEBUG] (13) goxlr_daemon::device: Updating Chat volume from 95 to 91 as a human moved the fader
16:53:31 [DEBUG] (13) goxlr_daemon::device: Updating Chat volume from 91 to 89 as a human moved the fader
16:53:31 [DEBUG] (13) goxlr_daemon::device: Updating Chat volume from 89 to 87 as a human moved the fader
16:53:31 [DEBUG] (13) goxlr_daemon::device: Updating Chat volume from 87 to 85 as a human moved the fader
16:53:31 [DEBUG] (13) goxlr_daemon::device: Updating Chat volume from 85 to 83 as a human moved the fader
16:53:31 [DEBUG] (13) goxlr_daemon::device: Updating Chat volume from 83 to 87 as a human moved the fader
16:53:31 [DEBUG] (13) goxlr_daemon::device: Updating Chat volume from 87 to 92 as a human moved the fader
16:53:31 [DEBUG] (13) goxlr_daemon::device: Updating Chat volume from 92 to 97 as a human moved the fader
16:53:31 [DEBUG] (13) goxlr_daemon::device: Updating Chat volume from 97 to 104 as a human moved the fader
16:53:31 [DEBUG] (13) goxlr_daemon::device: Updating Chat volume from 104 to 111 as a human moved the fader
16:53:31 [DEBUG] (13) goxlr_daemon::device: Updating Chat volume from 111 to 122 as a human moved the fader
16:53:31 [DEBUG] (13) goxlr_daemon::device: Updating Chat volume from 122 to 129 as a human moved the fader
16:53:31 [DEBUG] (13) goxlr_daemon::device: Updating Chat volume from 129 to 139 as a human moved the fader
16:53:31 [DEBUG] (13) goxlr_daemon::device: Updating Chat volume from 139 to 147 as a human moved the fader
16:53:31 [DEBUG] (13) goxlr_daemon::device: Updating Chat volume from 147 to 160 as a human moved the fader
16:53:31 [DEBUG] (13) goxlr_daemon::device: Updating Chat volume from 160 to 168 as a human moved the fader
16:53:32 [DEBUG] (13) goxlr_daemon::device: Updating Chat volume from 168 to 178 as a human moved the fader
16:53:32 [DEBUG] (13) goxlr_daemon::device: Updating Chat volume from 178 to 185 as a human moved the fader
16:53:32 [DEBUG] (13) goxlr_daemon::device: Updating Chat volume from 185 to 195 as a human moved the fader
16:53:32 [DEBUG] (13) goxlr_daemon::device: Updating Chat volume from 195 to 201 as a human moved the fader
16:53:32 [DEBUG] (13) goxlr_daemon::device: Updating Chat volume from 201 to 210 as a human moved the fader
16:53:32 [DEBUG] (17) goxlr_daemon::device: Updating Chat volume from 210 to 215 as a human moved the fader
16:53:32 [DEBUG] (17) goxlr_daemon::device: Updating Chat volume from 215 to 221 as a human moved the fader
16:53:32 [DEBUG] (17) goxlr_daemon::device: Updating Chat volume from 221 to 225 as a human moved the fader
16:53:32 [DEBUG] (17) goxlr_daemon::device: Updating Chat volume from 225 to 229 as a human moved the fader
16:53:32 [DEBUG] (17) goxlr_daemon::device: Updating Chat volume from 229 to 231 as a human moved the fader
16:53:32 [DEBUG] (17) goxlr_daemon::device: Updating Chat volume from 231 to 233 as a human moved the fader
16:53:32 [DEBUG] (17) goxlr_daemon::device: Updating Chat volume from 233 to 237 as a human moved the fader
16:53:32 [DEBUG] (17) goxlr_daemon::device: Updating Chat volume from 237 to 239 as a human moved the fader
16:53:32 [DEBUG] (17) goxlr_daemon::device: Updating Chat volume from 239 to 241 as a human moved the fader
16:53:33 [DEBUG] (17) goxlr_daemon::device: Updating Chat volume from 241 to 245 as a human moved the fader
16:53:33 [DEBUG] (17) goxlr_daemon::device: Updating Chat volume from 245 to 247 as a human moved the fader
16:53:34 [DEBUG] (17) goxlr_daemon::device: Updating Chat volume from 247 to 243 as a human moved the fader
16:53:34 [DEBUG] (17) goxlr_daemon::device: Updating Chat volume from 243 to 238 as a human moved the fader
16:53:34 [DEBUG] (17) goxlr_daemon::device: Updating Chat volume from 238 to 233 as a human moved the fader
16:53:34 [DEBUG] (17) goxlr_daemon::device: Updating Chat volume from 233 to 228 as a human moved the fader
16:53:34 [DEBUG] (17) goxlr_daemon::device: Updating Chat volume from 228 to 223 as a human moved the fader
16:53:34 [DEBUG] (17) goxlr_daemon::device: Updating Chat volume from 223 to 217 as a human moved the fader
16:53:34 [DEBUG] (17) goxlr_daemon::device: Updating Chat volume from 217 to 212 as a human moved the fader
16:53:34 [DEBUG] (17) goxlr_daemon::device: Updating Chat volume from 212 to 207 as a human moved the fader
16:53:34 [DEBUG] (17) goxlr_daemon::device: Updating Chat volume from 207 to 203 as a human moved the fader
16:53:34 [DEBUG] (17) goxlr_daemon::device: Updating Chat volume from 203 to 199 as a human moved the fader
16:53:34 [DEBUG] (17) goxlr_daemon::device: Updating Chat volume from 199 to 194 as a human moved the fader
16:53:34 [DEBUG] (17) goxlr_daemon::device: Updating Chat volume from 194 to 188 as a human moved the fader
16:53:34 [DEBUG] (17) goxlr_daemon::device: Updating Chat volume from 188 to 182 as a human moved the fader
16:53:34 [DEBUG] (17) goxlr_daemon::device: Updating Chat volume from 182 to 177 as a human moved the fader
16:53:34 [DEBUG] (17) goxlr_daemon::device: Updating Chat volume from 177 to 173 as a human moved the fader
16:53:34 [DEBUG] (17) goxlr_daemon::device: Updating Chat volume from 173 to 171 as a human moved the fader
16:53:34 [DEBUG] (17) goxlr_daemon::device: Updating Chat volume from 171 to 169 as a human moved the fader
16:53:34 [DEBUG] (17) goxlr_daemon::device: Updating Chat volume from 169 to 167 as a human moved the fader
16:53:34 [DEBUG] (17) goxlr_daemon::device: Updating Chat volume from 167 to 165 as a human moved the fader
16:53:34 [DEBUG] (17) goxlr_daemon::device: Updating Chat volume from 165 to 163 as a human moved the fader
16:53:34 [DEBUG] (17) goxlr_daemon::device: Updating Chat volume from 163 to 161 as a human moved the fader
16:53:34 [DEBUG] (17) goxlr_daemon::device: Updating Chat volume from 161 to 163 as a human moved the fader
16:53:34 [DEBUG] (17) goxlr_daemon::device: Updating Chat volume from 163 to 168 as a human moved the fader
16:53:34 [DEBUG] (17) goxlr_daemon::device: Updating Chat volume from 168 to 175 as a human moved the fader
16:53:34 [DEBUG] (17) goxlr_daemon::device: Updating Chat volume from 175 to 183 as a human moved the fader
16:53:34 [DEBUG] (17) goxlr_daemon::device: Updating Chat volume from 183 to 193 as a human moved the fader
16:53:35 [DEBUG] (17) goxlr_daemon::device: Updating Chat volume from 193 to 202 as a human moved the fader
16:53:35 [DEBUG] (17) goxlr_daemon::device: Updating Chat volume from 202 to 212 as a human moved the fader
16:53:35 [DEBUG] (17) goxlr_daemon::device: Updating Chat volume from 212 to 221 as a human moved the fader
16:53:35 [DEBUG] (17) goxlr_daemon::device: Updating Chat volume from 221 to 225 as a human moved the fader
16:53:35 [DEBUG] (17) goxlr_daemon::device: Updating Chat volume from 225 to 230 as a human moved the fader
16:53:35 [DEBUG] (17) goxlr_daemon::device: Updating Chat volume from 230 to 234 as a human moved the fader
16:53:35 [DEBUG] (17) goxlr_daemon::device: Updating Chat volume from 234 to 236 as a human moved the fader
16:53:35 [DEBUG] (17) goxlr_daemon::device: Updating Chat volume from 236 to 238 as a human moved the fader
16:53:35 [DEBUG] (17) goxlr_daemon::device: Updating Chat volume from 238 to 242 as a human moved the fader
16:53:35 [DEBUG] (17) goxlr_daemon::device: Updating Chat volume from 242 to 246 as a human moved the fader
16:53:35 [DEBUG] (17) goxlr_daemon::device: Updating Chat volume from 246 to 248 as a human moved the fader
16:53:35 [DEBUG] (17) goxlr_daemon::device: Updating Chat volume from 248 to 252 as a human moved the fader
16:53:35 [DEBUG] (17) goxlr_daemon::device: Updating Chat volume from 252 to 254 as a human moved the fader
16:53:37 [DEBUG] (17) goxlr_daemon::device: Updating Chat volume from 254 to 247 as a human moved the fader
16:53:37 [DEBUG] (17) goxlr_daemon::device: Updating Chat volume from 247 to 241 as a human moved the fader
16:53:37 [DEBUG] (17) goxlr_daemon::device: Updating Chat volume from 241 to 235 as a human moved the fader
16:53:37 [DEBUG] (17) goxlr_daemon::device: Updating Chat volume from 235 to 229 as a human moved the fader
16:53:37 [DEBUG] (17) goxlr_daemon::device: Updating Chat volume from 229 to 223 as a human moved the fader
16:53:37 [DEBUG] (17) goxlr_daemon::device: Updating Chat volume from 223 to 218 as a human moved the fader
16:53:37 [DEBUG] (17) goxlr_daemon::device: Updating Chat volume from 218 to 214 as a human moved the fader
16:53:37 [DEBUG] (17) goxlr_daemon::device: Updating Chat volume from 214 to 216 as a human moved the fader
16:53:37 [DEBUG] (17) goxlr_daemon::device: Updating Chat volume from 216 to 218 as a human moved the fader
16:55:54 [DEBUG] (13) goxlr_daemon::device: Updating Chat volume from 218 to 214 as a human moved the fader
16:55:55 [DEBUG] (13) goxlr_daemon::device: Updating Chat volume from 214 to 212 as a human moved the fader
16:55:55 [DEBUG] (13) goxlr_daemon::device: Updating Chat volume from 212 to 210 as a human moved the fader
16:55:55 [DEBUG] (13) goxlr_daemon::device: Updating Chat volume from 210 to 208 as a human moved the fader
16:55:55 [DEBUG] (13) goxlr_daemon::device: Updating Chat volume from 208 to 206 as a human moved the fader
16:55:55 [DEBUG] (13) goxlr_daemon::device: Updating Chat volume from 206 to 205 as a human moved the fader
16:55:55 [DEBUG] (13) goxlr_daemon::device: Updating Chat volume from 205 to 209 as a human moved the fader
16:55:56 [DEBUG] (13) goxlr_daemon::device: Updating Chat volume from 209 to 211 as a human moved the fader
16:55:56 [DEBUG] (13) goxlr_daemon::device: Updating Chat volume from 211 to 213 as a human moved the fader
16:55:56 [DEBUG] (13) goxlr_daemon::device: Updating Chat volume from 213 to 215 as a human moved the fader
16:55:56 [DEBUG] (13) goxlr_daemon::device: Updating Chat volume from 215 to 217 as a human moved the fader
16:55:56 [DEBUG] (13) goxlr_daemon::device: Updating Chat volume from 217 to 219 as a human moved the fader
16:55:56 [DEBUG] (13) goxlr_daemon::device: Updating Chat volume from 219 to 221 as a human moved the fader
16:56:00 [DEBUG] (15) goxlr_daemon::device: Updating Music volume from 192 to 189 as a human moved the fader
16:56:00 [DEBUG] (15) goxlr_daemon::device: Updating Music volume from 189 to 187 as a human moved the fader
16:56:00 [DEBUG] (15) goxlr_daemon::device: Updating Music volume from 187 to 185 as a human moved the fader
16:56:01 [DEBUG] (13) goxlr_daemon::device: Updating Music volume from 185 to 183 as a human moved the fader
16:56:01 [DEBUG] (13) goxlr_daemon::device: Updating Music volume from 183 to 181 as a human moved the fader
16:56:01 [DEBUG] (13) goxlr_daemon::device: Updating Music volume from 181 to 177 as a human moved the fader
16:56:01 [DEBUG] (13) goxlr_daemon::device: Updating Music volume from 177 to 179 as a human moved the fader
16:56:01 [DEBUG] (13) goxlr_daemon::device: Updating Music volume from 179 to 181 as a human moved the fader
16:56:01 [DEBUG] (13) goxlr_daemon::device: Updating Music volume from 181 to 183 as a human moved the fader
16:56:01 [DEBUG] (13) goxlr_daemon::device: Updating Music volume from 183 to 185 as a human moved the fader
16:56:01 [DEBUG] (13) goxlr_daemon::device: Updating Music volume from 185 to 187 as a human moved the fader
16:56:02 [DEBUG] (13) goxlr_daemon::device: Updating System volume from 185 to 181 as a human moved the fader
16:56:02 [DEBUG] (13) goxlr_daemon::device: Updating System volume from 181 to 179 as a human moved the fader
16:56:03 [DEBUG] (13) goxlr_daemon::device: Updating System volume from 179 to 177 as a human moved the fader
16:56:03 [DEBUG] (13) goxlr_daemon::device: Updating System volume from 177 to 175 as a human moved the fader
16:56:03 [DEBUG] (13) goxlr_daemon::device: Updating System volume from 175 to 179 as a human moved the fader
16:56:03 [DEBUG] (13) goxlr_daemon::device: Updating System volume from 179 to 181 as a human moved the fader
16:56:03 [DEBUG] (13) goxlr_daemon::device: Updating System volume from 181 to 183 as a human moved the fader
16:56:04 [DEBUG] (13) goxlr_daemon::device: Updating System volume from 183 to 187 as a human moved the fader
16:56:04 [DEBUG] (13) goxlr_daemon::device: Updating System volume from 187 to 189 as a human moved the fader
16:56:05 [DEBUG] (13) goxlr_daemon::device: Updating System volume from 189 to 191 as a human moved the fader
16:56:07 [DEBUG] (15) goxlr_daemon::device: Updating System volume from 191 to 187 as a human moved the fader
16:56:07 [DEBUG] (15) goxlr_daemon::device: Updating System volume from 187 to 185 as a human moved the fader
16:56:07 [DEBUG] (15) goxlr_daemon::device: Updating System volume from 185 to 183 as a human moved the fader
16:56:07 [DEBUG] (15) goxlr_daemon::device: Updating System volume from 183 to 181 as a human moved the fader
16:56:07 [DEBUG] (15) goxlr_daemon::device: Updating System volume from 181 to 179 as a human moved the fader
16:56:07 [DEBUG] (15) goxlr_daemon::device: Updating System volume from 179 to 181 as a human moved the fader
16:56:07 [DEBUG] (15) goxlr_daemon::device: Updating System volume from 181 to 183 as a human moved the fader
16:56:07 [DEBUG] (15) goxlr_daemon::device: Updating System volume from 183 to 185 as a human moved the fader
16:56:08 [DEBUG] (15) goxlr_daemon::device: Updating System volume from 185 to 187 as a human moved the fader
16:56:08 [DEBUG] (15) goxlr_daemon::device: Updating System volume from 187 to 189 as a human moved the fader
16:56:08 [DEBUG] (15) goxlr_daemon::device: Updating System volume from 189 to 191 as a human moved the fader
16:56:11 [DEBUG] (13) goxlr_daemon::device: Updating System volume from 191 to 187 as a human moved the fader
16:56:11 [DEBUG] (13) goxlr_daemon::device: Updating System volume from 187 to 185 as a human moved the fader
16:56:11 [DEBUG] (13) goxlr_daemon::device: Updating System volume from 185 to 183 as a human moved the fader
16:56:11 [DEBUG] (13) goxlr_daemon::device: Updating System volume from 183 to 181 as a human moved the fader
16:56:11 [DEBUG] (13) goxlr_daemon::device: Updating System volume from 181 to 179 as a human moved the fader
16:56:11 [DEBUG] (13) goxlr_daemon::device: Updating System volume from 179 to 181 as a human moved the fader
16:56:11 [DEBUG] (13) goxlr_daemon::device: Updating System volume from 181 to 183 as a human moved the fader
16:56:11 [DEBUG] (13) goxlr_daemon::device: Updating System volume from 183 to 185 as a human moved the fader
16:56:11 [DEBUG] (13) goxlr_daemon::device: Updating System volume from 185 to 187 as a human moved the fader
16:56:11 [DEBUG] (13) goxlr_daemon::device: Updating System volume from 187 to 189 as a human moved the fader
16:56:11 [DEBUG] (13) goxlr_daemon::device: Updating System volume from 189 to 191 as a human moved the fader
16:56:11 [DEBUG] (13) goxlr_daemon::device: Updating System volume from 191 to 193 as a human moved the fader
16:56:12 [DEBUG] (13) goxlr_daemon::device: Updating System volume from 193 to 195 as a human moved the fader
16:56:12 [DEBUG] (13) goxlr_daemon::device: Updating System volume from 195 to 197 as a human moved the fader
16:56:12 [DEBUG] (13) goxlr_daemon::device: Updating System volume from 197 to 199 as a human moved the fader
16:56:14 [DEBUG] (13) goxlr_daemon::device: Setting Mix volume for Game to 126
16:56:14 [DEBUG] (15) goxlr_daemon::device: Setting Mix volume for Game to 133
16:56:14 [DEBUG] (13) goxlr_daemon::device: Setting Mix volume for Game to 153
16:56:14 [DEBUG] (15) goxlr_daemon::device: Setting Mix volume for Game to 189
16:56:14 [DEBUG] (13) goxlr_daemon::device: Setting Mix volume for Game to 216
16:56:14 [DEBUG] (15) goxlr_daemon::device: Setting Mix volume for Game to 247
16:56:15 [DEBUG] (13) goxlr_daemon::device: Setting Mix volume for Game to 255
16:56:15 [DEBUG] (17) goxlr_daemon::device: Setting Mix volume for Console to 133
16:56:15 [DEBUG] (13) goxlr_daemon::device: Setting Mix volume for Console to 135
16:56:16 [DEBUG] (13) goxlr_daemon::device: Setting Mix volume for Console to 147
16:56:16 [DEBUG] (17) goxlr_daemon::device: Setting Mix volume for Console to 193
16:56:16 [DEBUG] (17) goxlr_daemon::device: Setting Mix volume for Console to 232
16:56:16 [DEBUG] (17) goxlr_daemon::device: Setting Mix volume for Console to 255
16:56:17 [DEBUG] (13) goxlr_daemon::device: Setting Mix volume for LineIn to 122
16:56:17 [DEBUG] (17) goxlr_daemon::device: Setting Mix volume for LineIn to 124
16:56:17 [DEBUG] (13) goxlr_daemon::device: Setting Mix volume for LineIn to 153
16:56:17 [DEBUG] (17) goxlr_daemon::device: Setting Mix volume for LineIn to 223
16:56:17 [DEBUG] (13) goxlr_daemon::device: Setting Mix volume for LineIn to 255
16:57:21 [DEBUG] (2) goxlr_daemon::device: Setting Mix volume for LineIn to 255
16:57:25 [DEBUG] (13) goxlr_daemon::platform::unix: TERM Signal Received, Triggering STOP
16:57:25 [DEBUG] (13) goxlr_daemon::platform::unix: Platform Runtime Ended
16:57:25 [DEBUG] (13) goxlr_daemon::events: Shutdown Phase 1 Triggered..
17:02:33 [INFO] Starting GoXLR Daemon v1.2.4
17:02:33 [INFO] System Locale: en_US
17:02:33 [INFO] Performing Platform Preflight...
17:02:33 [DEBUG] (1) goxlr_daemon: HTTP Bind Address: localhost
17:02:33 [DEBUG] (1) goxlr_daemon::servers::ipc_server: Connection Failed. Socket File is stale, removing..
17:02:33 [INFO] Bound IPC Socket @ Name(UdSocketPath("/tmp/goxlr.socket"))
17:02:33 [DEBUG] (15) goxlr_daemon::platform::linux::autostart: Found XDG AutoStart Path: "/home/mahiru/.config/autostart"
17:02:33 [DEBUG] (14) goxlr_daemon::servers::ipc_server: Running IPC Server..
17:02:33 [INFO] Started GoXLR configuration interface at http://localhost:14564/
17:02:33 [INFO] Starting TTS Service..
17:02:33 [DEBUG] (10) goxlr_daemon::platform::linux::sleep: Spawning Sleep Handler..
17:02:33 [DEBUG] (12) goxlr_daemon::events: Starting Event Loop..
17:02:33 [INFO] Connected to possible GoXLR device at Bus 001 Device 004: ID 1220:8fe4
17:02:33 [DEBUG] (2) goxlr_usb::device::libusb::device: Handling initial request
17:02:33 [DEBUG] (15) goxlr_daemon::primary_worker: Performing Firmware Version Check..
17:02:33 [DEBUG] (17) goxlr_daemon::platform::linux::sleep: Attempting to Inhibit Sleep..
17:02:33 [DEBUG] (17) goxlr_daemon::platform::linux::sleep: Inhibitor Successfully Established.
17:02:33 [DEBUG] (17) goxlr_daemon::platform::linux::sleep: Awaiting Result from 'PrepareForSleep'
17:02:33 [DEBUG] (17) goxlr_daemon::platform::linux::sleep: Preparing Lock Proxy..
17:02:33 [DEBUG] (17) goxlr_daemon::platform::linux::sleep: Entering Signal Loop..
17:02:33 [DEBUG] (2) goxlr_daemon::device: New Device Loading..
17:02:33 [INFO] Configuring GoXLR Mini, Profile: Default, Mic Profile: DEFAULT
17:02:33 [DEBUG] (2) goxlr_daemon::profile: Loading Profile From /home/mahiru/.local/share/goxlr-utility/profiles/Default.goxlr
17:02:33 [DEBUG] (2) goxlr_profile_loader::profile: Loading Profile Archive..
17:02:33 [DEBUG] (2) goxlr_profile_loader::profile: Attempting to read profile.xml..
17:02:33 [DEBUG] (2) goxlr_profile_loader::profile: Preparing Structure..
17:02:33 [DEBUG] (2) goxlr_profile_loader::profile: MixRoutingTree { mix: {Headphones: A, Broadcast: A, LineOut: A, ChatMic: A, Sampler: A, StreamMix2: A} }
17:02:33 [DEBUG] (2) goxlr_profile_loader::profile: SubMixer { submix_enabled: false, volume_table: {Mic: 0, Chat: 0, Music: 0, Game: 0, Console: 0, LineIn: 0, System: 0, Sample: 0}, monitor_tree: MonitorTree { monitored_output: Headphones, headphone_mix: A, routing: {Mic: 8192, Chat: 8192, Music: 8192, Game: 8192, Console: 8192, LineIn: 8192, System: 8192, Sample: 8192} }, linking_tree: LinkingTree { linked_list: {Mic: true, Chat: true, Music: true, Game: true, Console: true, LineIn: true, System: true, Sample: true}, linked_ratio: {Mic: 1.0, Chat: 1.0, Music: 1.0, Game: 1.0, Console: 1.0, LineIn: 1.0, System: 1.0, Sample: 1.0} } }
17:02:33 [DEBUG] (2) goxlr_daemon::device: Profile Successfully Loaded, Performing Backup..
17:02:33 [DEBUG] (2) goxlr_profile_loader::profile: Creating Temporary Save File: "/home/mahiru/.local/share/goxlr-utility/backups/Default.tmp"
17:02:33 [DEBUG] (2) goxlr_profile_loader::profile: Save Complete and synced, renaming to "/home/mahiru/.local/share/goxlr-utility/backups/Default.goxlr"
17:02:33 [DEBUG] (2) goxlr_profile_loader::profile: Target profile exists, removing..
17:02:33 [DEBUG] (2) goxlr_profile_loader::profile: Renaming "/home/mahiru/.local/share/goxlr-utility/backups/Default.tmp" to "/home/mahiru/.local/share/goxlr-utility/backups/Default.goxlr"
17:02:33 [DEBUG] (2) goxlr_daemon::device: Main Profile Backup Complete
17:02:33 [DEBUG] (2) goxlr_daemon::device: Mic Profile Successfully Loaded, Performing Backup..
17:02:33 [DEBUG] (2) goxlr_profile_loader::mic_profile: Creating Temporary Save File: "/home/mahiru/.local/share/goxlr-utility/backups/DEFAULT.tmp"
17:02:33 [DEBUG] (2) goxlr_profile_loader::mic_profile: Save Complete and synced, renaming to "/home/mahiru/.local/share/goxlr-utility/backups/DEFAULT.goxlrMicProfile"
17:02:33 [DEBUG] (2) goxlr_profile_loader::mic_profile: Target mic profile exists, removing..
17:02:33 [DEBUG] (2) goxlr_profile_loader::mic_profile: Renaming "/home/mahiru/.local/share/goxlr-utility/backups/DEFAULT.tmp" to "/home/mahiru/.local/share/goxlr-utility/backups/DEFAULT.goxlrMicProfile"
17:02:33 [DEBUG] (2) goxlr_daemon::device: Mic Profile Backup Complete
17:02:33 [DEBUG] (2) goxlr_daemon::device: Not Spawning Audio Handler, Device is Mini!
17:02:33 [DEBUG] (2) goxlr_daemon::device: --- DEVICE INFO ---
17:02:33 [DEBUG] (2) goxlr_daemon::device: Serial: "S211201578DI7"
17:02:33 [DEBUG] (2) goxlr_daemon::device: Firmware: 1.1.8.43
17:02:33 [DEBUG] (2) goxlr_daemon::device: DICE: 1.1.8.43
17:02:33 [DEBUG] (2) goxlr_daemon::device: Type: Mini
17:02:33 [DEBUG] (2) goxlr_daemon::device: -------------------
17:02:33 [DEBUG] (2) goxlr_daemon::device: Applying Profile..
17:02:33 [DEBUG] (2) goxlr_daemon::device: Setting Faders..
17:02:33 [DEBUG] (2) goxlr_daemon::device: Setting Fader A to Mic
17:02:33 [DEBUG] (2) goxlr_daemon::device: Setting Fader B to Music
17:02:33 [DEBUG] (2) goxlr_daemon::device: Setting Fader C to Chat
17:02:33 [DEBUG] (2) goxlr_daemon::device: Setting Fader D to System
17:02:33 [DEBUG] (2) goxlr_daemon::device: Setting Mute States..
17:02:33 [DEBUG] (2) goxlr_daemon::device: Applying Microphone Mute State
17:02:33 [DEBUG] (2) goxlr_daemon::device: Setting Mic to Unmuted
17:02:33 [DEBUG] (2) goxlr_daemon::device: Unknown Channel state for LineIn, Unmuting.
17:02:33 [DEBUG] (2) goxlr_daemon::device: Unknown Channel state for Console, Unmuting.
17:02:33 [DEBUG] (2) goxlr_daemon::device: Channel System on Fader, Loading State from Profile
17:02:33 [DEBUG] (2) goxlr_daemon::device: Channel System set to Unmuted (no previous)
17:02:34 [DEBUG] (2) goxlr_daemon::device: Unknown Channel state for Game, Unmuting.
17:02:34 [DEBUG] (2) goxlr_daemon::device: Channel Chat on Fader, Loading State from Profile
17:02:34 [DEBUG] (2) goxlr_daemon::device: Channel Chat set to Unmuted (no previous)
17:02:34 [DEBUG] (2) goxlr_daemon::device: Unknown Channel state for Sample, Unmuting.
17:02:34 [DEBUG] (2) goxlr_daemon::device: Channel Music on Fader, Loading State from Profile
17:02:34 [DEBUG] (2) goxlr_daemon::device: Channel Music set to Unmuted (no previous)
17:02:34 [DEBUG] (2) goxlr_daemon::device: Unknown Channel state for Headphones, Unmuting.
17:02:34 [DEBUG] (2) goxlr_daemon::device: Unknown Channel state for MicMonitor, Unmuting.
17:02:34 [DEBUG] (2) goxlr_daemon::device: Unknown Channel state for LineOut, Unmuting.
17:02:34 [DEBUG] (2) goxlr_daemon::device: Setting Channel Volumes..
17:02:34 [DEBUG] (2) goxlr_daemon::device: No reference volumes, sending channels in order
17:02:34 [DEBUG] (2) goxlr_daemon::device: Setting volume for Mic to 202
17:02:34 [DEBUG] (2) goxlr_daemon::device: Setting volume for LineIn to 128
17:02:34 [DEBUG] (2) goxlr_daemon::device: Setting volume for Console to 128
17:02:34 [DEBUG] (17) goxlr_daemon::primary_worker: Firmware Update Process Finished
17:02:34 [DEBUG] (2) goxlr_daemon::device: Setting volume for System to 126
17:02:34 [DEBUG] (2) goxlr_daemon::device: Setting volume for Game to 128
17:02:34 [DEBUG] (2) goxlr_daemon::device: Setting volume for Chat to 124
17:02:34 [DEBUG] (2) goxlr_daemon::device: Setting volume for Sample to 255
17:02:34 [DEBUG] (2) goxlr_daemon::device: Setting volume for Music to 123
17:02:34 [DEBUG] (2) goxlr_daemon::device: Setting volume for Headphones to 255
17:02:34 [DEBUG] (2) goxlr_daemon::device: Setting volume for MicMonitor to 255
17:02:34 [DEBUG] (2) goxlr_daemon::device: Setting volume for LineOut to 255
17:02:34 [DEBUG] (2) goxlr_daemon::device: Applying Submixing Settings..
17:02:34 [DEBUG] (2) goxlr_daemon::device: Loading Colour Map..
17:02:34 [DEBUG] (2) goxlr_daemon::device: Setting Fader display modes..
17:02:34 [DEBUG] (2) goxlr_daemon::device: Setting display for A
17:02:34 [DEBUG] (2) goxlr_daemon::device: Setting display for B
17:02:34 [DEBUG] (2) goxlr_daemon::device: Setting display for C
17:02:34 [DEBUG] (2) goxlr_daemon::device: Setting display for D
17:02:34 [DEBUG] (2) goxlr_daemon::device: Updating button states..
17:02:34 [DEBUG] (2) goxlr_daemon::device: Applying Routing..
17:02:34 [DEBUG] (2) goxlr_daemon::device: IsStreamNoMusic: false
17:02:34 [DEBUG] (2) goxlr_daemon::device: Applying Routing to Microphone:
17:02:34 [DEBUG] (2) goxlr_daemon::device: IsStreamNoMusic: false
17:02:34 [DEBUG] (2) goxlr_daemon::device: Applying Routing to Chat:
17:02:34 [DEBUG] (2) goxlr_daemon::device: IsStreamNoMusic: false
17:02:34 [DEBUG] (2) goxlr_daemon::device: Applying Routing to Music:
17:02:34 [DEBUG] (2) goxlr_daemon::device: Light HardTune Enabled for Channel: Music
17:02:34 [DEBUG] (2) goxlr_daemon::device: IsStreamNoMusic: false
17:02:34 [DEBUG] (2) goxlr_daemon::device: Applying Routing to Game:
17:02:34 [DEBUG] (2) goxlr_daemon::device: Light HardTune Enabled for Channel: Game
17:02:34 [DEBUG] (2) goxlr_daemon::device: IsStreamNoMusic: false
17:02:34 [DEBUG] (2) goxlr_daemon::device: Applying Routing to Console:
17:02:34 [DEBUG] (2) goxlr_daemon::device: IsStreamNoMusic: false
17:02:34 [DEBUG] (2) goxlr_daemon::device: Applying Routing to LineIn:
17:02:34 [DEBUG] (2) goxlr_daemon::device: Light HardTune Enabled for Channel: LineIn
17:02:34 [DEBUG] (2) goxlr_daemon::device: IsStreamNoMusic: false
17:02:34 [DEBUG] (2) goxlr_daemon::device: Applying Routing to System:
17:02:34 [DEBUG] (2) goxlr_daemon::device: Light HardTune Enabled for Channel: System
17:02:34 [DEBUG] (2) goxlr_daemon::device: IsStreamNoMusic: false
17:02:34 [DEBUG] (2) goxlr_daemon::device: Applying Routing to Samples:
17:02:34 [DEBUG] (2) goxlr_daemon::device: Applying Voice FX
17:02:34 [DEBUG] (2) goxlr_daemon::device: Validating Sampler Configuration..
17:02:34 [DEBUG] (2) goxlr_daemon::device: Setting Equalizer500HzFrequency to 111
17:02:34 [DEBUG] (2) goxlr_daemon::device: Setting Equalizer16KHzGain to 0
17:02:34 [DEBUG] (2) goxlr_daemon::device: Setting GateAttenuation to -61
17:02:34 [DEBUG] (2) goxlr_daemon::device: Setting Equalizer500HzGain to 0
17:02:34 [DEBUG] (2) goxlr_daemon::device: Setting Equalizer63HzFrequency to 40
17:02:34 [DEBUG] (2) goxlr_daemon::device: Setting DeEsser to 0
17:02:34 [DEBUG] (2) goxlr_daemon::device: Setting GateAttack to 0
17:02:34 [DEBUG] (2) goxlr_daemon::device: Setting GateRelease to 19
17:02:34 [DEBUG] (2) goxlr_daemon::device: Setting CompressorThreshold to 0
17:02:34 [DEBUG] (2) goxlr_daemon::device: Setting Equalizer8KHzFrequency to 207
17:02:34 [DEBUG] (2) goxlr_daemon::device: Setting Equalizer2KHzFrequency to 159
17:02:34 [DEBUG] (2) goxlr_daemon::device: Setting CompressorRelease to 9
17:02:34 [DEBUG] (2) goxlr_daemon::device: Setting Equalizer16KHzFrequency to 231
17:02:34 [DEBUG] (2) goxlr_daemon::device: Setting Equalizer125HzGain to 0
17:02:34 [DEBUG] (2) goxlr_daemon::device: Setting Equalizer4KHzGain to 0
17:02:34 [DEBUG] (2) goxlr_daemon::device: Setting Equalizer8KHzGain to 0
17:02:34 [DEBUG] (2) goxlr_daemon::device: Setting GateMode to 2
17:02:34 [DEBUG] (2) goxlr_daemon::device: Setting Equalizer2KHzGain to 0
17:02:34 [DEBUG] (2) goxlr_daemon::device: Setting CompressorMakeUpGain to 0
17:02:34 [DEBUG] (2) goxlr_daemon::device: Setting Equalizer250HzGain to 0
17:02:34 [DEBUG] (2) goxlr_daemon::device: Setting Equalizer1KHzFrequency to 135
17:02:34 [DEBUG] (2) goxlr_daemon::device: Setting Equalizer1KHzGain to 0
17:02:34 [DEBUG] (2) goxlr_daemon::device: Setting CompressorRatio to 9
17:02:34 [DEBUG] (2) goxlr_daemon::device: Setting MicInputMute to 0
17:02:34 [DEBUG] (2) goxlr_daemon::device: Setting Equalizer63HzGain to 0
17:02:34 [DEBUG] (2) goxlr_daemon::device: Setting Equalizer125HzFrequency to 63
17:02:34 [DEBUG] (2) goxlr_daemon::device: Setting CompressorAttack to 1
17:02:34 [DEBUG] (2) goxlr_daemon::device: Setting Equalizer31HzFrequency to 16
17:02:34 [DEBUG] (2) goxlr_daemon::device: Setting Equalizer31HzGain to 0
17:02:34 [DEBUG] (2) goxlr_daemon::device: Setting GateEnabled to 1
17:02:34 [DEBUG] (2) goxlr_daemon::device: Setting BleepLevel to -10
17:02:34 [DEBUG] (2) goxlr_daemon::device: Setting GateThreshold to -59
17:02:34 [DEBUG] (2) goxlr_daemon::device: Setting Equalizer250HzFrequency to 87
17:02:34 [DEBUG] (2) goxlr_daemon::device: Setting Equalizer4KHzFrequency to 183
17:02:34 [DEBUG] (2) goxlr_daemon::settings: Saving Settings
17:02:34 [DEBUG] (2) goxlr_daemon::settings: Creating Temporary Save File: "/home/mahiru/.config/goxlr-utility/settings.tmp"
17:02:34 [DEBUG] (2) goxlr_daemon::settings: Save Complete and synced, renaming to "/home/mahiru/.config/goxlr-utility/settings.json"
17:02:34 [DEBUG] (2) goxlr_daemon::settings: Target exists, removing..
17:02:34 [DEBUG] (2) goxlr_daemon::settings: Renaming "/home/mahiru/.config/goxlr-utility/settings.tmp" to "/home/mahiru/.config/goxlr-utility/settings.json"
17:02:34 [DEBUG] (2) goxlr_daemon::settings: Settings Saved.
17:02:34 [DEBUG] (2) goxlr_daemon::device: Updating Mic volume from 202 to 193 as a human moved the fader
17:02:34 [DEBUG] (2) goxlr_daemon::device: Updating Music volume from 123 to 221 as a human moved the fader
17:02:34 [DEBUG] (2) goxlr_daemon::device: Updating Chat volume from 124 to 177 as a human moved the fader
17:02:34 [DEBUG] (2) goxlr_daemon::device: Updating System volume from 126 to 199 as a human moved the fader
17:02:34 [DEBUG] (2) goxlr_daemon::device: Updating REVERB value from 15 to 0 as human moved the dial
17:02:34 [DEBUG] (2) goxlr_daemon::device: Setting ReverbAmount to -36
17:03:47 [DEBUG] (2) goxlr_daemon::profile: Setting Fader Style to: TwoColour
17:03:47 [DEBUG] (2) goxlr_daemon::profile: Setting Fader Style to: TwoColour
17:03:47 [DEBUG] (2) goxlr_daemon::profile: Setting Fader Style to: TwoColour
17:03:47 [DEBUG] (2) goxlr_daemon::profile: Setting Fader Style to: TwoColour
17:03:59 [DEBUG] (15) goxlr_daemon::device: Updating Chat volume from 177 to 123 as a human moved the fader
17:03:59 [DEBUG] (15) goxlr_daemon::device: Updating Chat volume from 123 to 118 as a human moved the fader
17:03:59 [DEBUG] (15) goxlr_daemon::device: Updating Chat volume from 118 to 112 as a human moved the fader
17:03:59 [DEBUG] (15) goxlr_daemon::device: Updating Chat volume from 112 to 108 as a human moved the fader
17:03:59 [DEBUG] (15) goxlr_daemon::device: Updating Chat volume from 108 to 106 as a human moved the fader
17:03:59 [DEBUG] (15) goxlr_daemon::device: Updating Chat volume from 106 to 104 as a human moved the fader
17:03:59 [DEBUG] (15) goxlr_daemon::device: Updating Chat volume from 104 to 102 as a human moved the fader
17:03:59 [DEBUG] (15) goxlr_daemon::device: Updating Chat volume from 102 to 104 as a human moved the fader
17:04:00 [DEBUG] (15) goxlr_daemon::device: Updating Chat volume from 104 to 106 as a human moved the fader
17:04:00 [DEBUG] (15) goxlr_daemon::device: Updating Chat volume from 106 to 111 as a human moved the fader
17:04:00 [DEBUG] (15) goxlr_daemon::device: Updating Chat volume from 111 to 115 as a human moved the fader
17:04:00 [DEBUG] (15) goxlr_daemon::device: Updating Chat volume from 115 to 123 as a human moved the fader
17:04:00 [DEBUG] (15) goxlr_daemon::device: Updating Chat volume from 123 to 132 as a human moved the fader
17:04:00 [DEBUG] (15) goxlr_daemon::device: Updating Chat volume from 132 to 140 as a human moved the fader
17:04:00 [DEBUG] (15) goxlr_daemon::device: Updating Chat volume from 140 to 149 as a human moved the fader
17:04:00 [DEBUG] (15) goxlr_daemon::device: Updating Chat volume from 149 to 155 as a human moved the fader
17:04:00 [DEBUG] (15) goxlr_daemon::device: Updating Chat volume from 155 to 162 as a human moved the fader
17:04:00 [DEBUG] (15) goxlr_daemon::device: Updating Chat volume from 162 to 170 as a human moved the fader
17:04:00 [DEBUG] (15) goxlr_daemon::device: Updating Chat volume from 170 to 176 as a human moved the fader
17:04:00 [DEBUG] (15) goxlr_daemon::device: Updating Chat volume from 176 to 181 as a human moved the fader
17:04:00 [DEBUG] (15) goxlr_daemon::device: Updating Chat volume from 181 to 185 as a human moved the fader
17:04:00 [DEBUG] (15) goxlr_daemon::device: Updating Chat volume from 185 to 189 as a human moved the fader
17:04:00 [DEBUG] (15) goxlr_daemon::device: Updating Chat volume from 189 to 191 as a human moved the fader
17:04:00 [DEBUG] (15) goxlr_daemon::device: Updating Chat volume from 191 to 193 as a human moved the fader
17:04:00 [DEBUG] (15) goxlr_daemon::device: Updating Chat volume from 193 to 195 as a human moved the fader
17:04:00 [DEBUG] (15) goxlr_daemon::device: Updating Chat volume from 195 to 197 as a human moved the fader
17:04:00 [DEBUG] (15) goxlr_daemon::device: Updating Chat volume from 197 to 199 as a human moved the fader
17:04:00 [DEBUG] (15) goxlr_daemon::device: Updating Chat volume from 199 to 203 as a human moved the fader
17:04:00 [DEBUG] (15) goxlr_daemon::device: Updating Chat volume from 203 to 207 as a human moved the fader
17:04:00 [DEBUG] (15) goxlr_daemon::device: Updating Chat volume from 207 to 209 as a human moved the fader
17:04:00 [DEBUG] (15) goxlr_daemon::device: Updating Chat volume from 209 to 211 as a human moved the fader
17:04:00 [DEBUG] (15) goxlr_daemon::device: Updating Chat volume from 211 to 213 as a human moved the fader
17:04:00 [DEBUG] (15) goxlr_daemon::device: Updating Chat volume from 213 to 215 as a human moved the fader
17:04:00 [DEBUG] (15) goxlr_daemon::device: Updating Chat volume from 215 to 217 as a human moved the fader
17:04:00 [DEBUG] (15) goxlr_daemon::device: Updating Chat volume from 217 to 219 as a human moved the fader
17:04:00 [DEBUG] (15) goxlr_daemon::device: Updating Chat volume from 219 to 223 as a human moved the fader
17:04:00 [DEBUG] (2) goxlr_daemon::device: Updating Chat volume from 223 to 225 as a human moved the fader
17:04:00 [DEBUG] (2) goxlr_daemon::device: Updating Chat volume from 225 to 227 as a human moved the fader
17:04:01 [DEBUG] (2) goxlr_daemon::device: Updating System volume from 199 to 126 as a human moved the fader
17:04:01 [DEBUG] (2) goxlr_daemon::device: Updating System volume from 126 to 117 as a human moved the fader
17:04:01 [DEBUG] (2) goxlr_daemon::device: Updating System volume from 117 to 109 as a human moved the fader
17:04:01 [DEBUG] (2) goxlr_daemon::device: Updating System volume from 109 to 103 as a human moved the fader
17:04:01 [DEBUG] (2) goxlr_daemon::device: Updating System volume from 103 to 99 as a human moved the fader
17:04:01 [DEBUG] (15) goxlr_daemon::device: Updating System volume from 99 to 97 as a human moved the fader
17:04:01 [DEBUG] (15) goxlr_daemon::device: Updating System volume from 97 to 93 as a human moved the fader
17:04:01 [DEBUG] (15) goxlr_daemon::device: Updating System volume from 93 to 86 as a human moved the fader
17:04:01 [DEBUG] (15) goxlr_daemon::device: Updating System volume from 86 to 81 as a human moved the fader
17:04:01 [DEBUG] (15) goxlr_daemon::device: Updating System volume from 81 to 75 as a human moved the fader
17:04:01 [DEBUG] (15) goxlr_daemon::device: Updating System volume from 75 to 73 as a human moved the fader
17:04:01 [DEBUG] (15) goxlr_daemon::device: Updating System volume from 73 to 69 as a human moved the fader
17:04:01 [DEBUG] (15) goxlr_daemon::device: Updating System volume from 69 to 67 as a human moved the fader
17:04:01 [DEBUG] (15) goxlr_daemon::device: Updating System volume from 67 to 65 as a human moved the fader
17:04:01 [DEBUG] (15) goxlr_daemon::device: Updating System volume from 65 to 63 as a human moved the fader
17:04:01 [DEBUG] (15) goxlr_daemon::device: Updating System volume from 63 to 65 as a human moved the fader
17:04:01 [DEBUG] (15) goxlr_daemon::device: Updating System volume from 65 to 69 as a human moved the fader
17:04:01 [DEBUG] (15) goxlr_daemon::device: Updating System volume from 69 to 74 as a human moved the fader
17:04:01 [DEBUG] (15) goxlr_daemon::device: Updating System volume from 74 to 82 as a human moved the fader
17:04:01 [DEBUG] (15) goxlr_daemon::device: Updating System volume from 82 to 90 as a human moved the fader
17:04:01 [DEBUG] (15) goxlr_daemon::device: Updating System volume from 90 to 94 as a human moved the fader
17:04:01 [DEBUG] (15) goxlr_daemon::device: Updating System volume from 94 to 99 as a human moved the fader
17:04:01 [DEBUG] (15) goxlr_daemon::device: Updating System volume from 99 to 104 as a human moved the fader
17:04:01 [DEBUG] (15) goxlr_daemon::device: Updating System volume from 104 to 111 as a human moved the fader
17:04:01 [DEBUG] (15) goxlr_daemon::device: Updating System volume from 111 to 113 as a human moved the fader
17:04:01 [DEBUG] (15) goxlr_daemon::device: Updating System volume from 113 to 117 as a human moved the fader
17:04:01 [DEBUG] (15) goxlr_daemon::device: Updating System volume from 117 to 121 as a human moved the fader
17:04:01 [DEBUG] (15) goxlr_daemon::device: Updating System volume from 121 to 126 as a human moved the fader
17:04:01 [DEBUG] (15) goxlr_daemon::device: Updating System volume from 126 to 132 as a human moved the fader
17:04:01 [DEBUG] (15) goxlr_daemon::device: Updating System volume from 132 to 138 as a human moved the fader
17:04:01 [DEBUG] (15) goxlr_daemon::device: Updating System volume from 138 to 143 as a human moved the fader
17:04:01 [DEBUG] (15) goxlr_daemon::device: Updating System volume from 143 to 151 as a human moved the fader
17:04:01 [DEBUG] (15) goxlr_daemon::device: Updating System volume from 151 to 158 as a human moved the fader
17:04:01 [DEBUG] (15) goxlr_daemon::device: Updating System volume from 158 to 163 as a human moved the fader
17:04:01 [DEBUG] (15) goxlr_daemon::device: Updating System volume from 163 to 169 as a human moved the fader
17:04:02 [DEBUG] (15) goxlr_daemon::device: Updating System volume from 169 to 173 as a human moved the fader
17:04:02 [DEBUG] (15) goxlr_daemon::device: Updating System volume from 173 to 179 as a human moved the fader
17:04:02 [DEBUG] (15) goxlr_daemon::device: Updating System volume from 179 to 183 as a human moved the fader
17:04:02 [DEBUG] (15) goxlr_daemon::device: Updating System volume from 183 to 185 as a human moved the fader
17:04:02 [DEBUG] (15) goxlr_daemon::device: Updating System volume from 185 to 189 as a human moved the fader
17:04:02 [DEBUG] (15) goxlr_daemon::device: Updating System volume from 189 to 191 as a human moved the fader
17:04:02 [DEBUG] (15) goxlr_daemon::device: Updating System volume from 191 to 195 as a human moved the fader
17:04:02 [DEBUG] (15) goxlr_daemon::device: Updating System volume from 195 to 197 as a human moved the fader
17:04:02 [DEBUG] (15) goxlr_daemon::device: Updating System volume from 197 to 199 as a human moved the fader
17:04:02 [DEBUG] (15) goxlr_daemon::device: Updating System volume from 199 to 201 as a human moved the fader
17:04:02 [DEBUG] (15) goxlr_daemon::device: Updating System volume from 201 to 203 as a human moved the fader
17:04:02 [DEBUG] (15) goxlr_daemon::device: Updating System volume from 203 to 205 as a human moved the fader
17:04:03 [DEBUG] (2) goxlr_daemon::device: Updating Music volume from 221 to 120 as a human moved the fader
17:04:03 [DEBUG] (2) goxlr_daemon::device: Updating Music volume from 120 to 115 as a human moved the fader
17:04:03 [DEBUG] (2) goxlr_daemon::device: Updating Music volume from 115 to 110 as a human moved the fader
17:04:03 [DEBUG] (2) goxlr_daemon::device: Updating Music volume from 110 to 106 as a human moved the fader
17:04:03 [DEBUG] (2) goxlr_daemon::device: Updating Music volume from 106 to 101 as a human moved the fader
17:04:03 [DEBUG] (2) goxlr_daemon::device: Updating Music volume from 101 to 97 as a human moved the fader
17:04:03 [DEBUG] (2) goxlr_daemon::device: Updating Music volume from 97 to 95 as a human moved the fader
17:04:03 [DEBUG] (2) goxlr_daemon::device: Updating Music volume from 95 to 91 as a human moved the fader
17:04:03 [DEBUG] (2) goxlr_daemon::device: Updating Music volume from 91 to 87 as a human moved the fader
17:04:03 [DEBUG] (2) goxlr_daemon::device: Updating Music volume from 87 to 85 as a human moved the fader
17:04:03 [DEBUG] (2) goxlr_daemon::device: Updating Music volume from 85 to 87 as a human moved the fader
17:04:03 [DEBUG] (2) goxlr_daemon::device: Updating Music volume from 87 to 95 as a human moved the fader
17:04:03 [DEBUG] (2) goxlr_daemon::device: Updating Music volume from 95 to 101 as a human moved the fader
17:04:03 [DEBUG] (2) goxlr_daemon::device: Updating Music volume from 101 to 111 as a human moved the fader
17:04:03 [DEBUG] (2) goxlr_daemon::device: Updating Music volume from 111 to 117 as a human moved the fader
17:04:03 [DEBUG] (2) goxlr_daemon::device: Updating Music volume from 117 to 124 as a human moved the fader
17:04:03 [DEBUG] (2) goxlr_daemon::device: Updating Music volume from 124 to 131 as a human moved the fader
17:04:03 [DEBUG] (2) goxlr_daemon::device: Updating Music volume from 131 to 133 as a human moved the fader
17:04:03 [DEBUG] (2) goxlr_daemon::device: Updating Music volume from 133 to 142 as a human moved the fader
17:04:03 [DEBUG] (2) goxlr_daemon::device: Updating Music volume from 142 to 146 as a human moved the fader
17:04:03 [DEBUG] (2) goxlr_daemon::device: Updating Music volume from 146 to 150 as a human moved the fader
17:04:03 [DEBUG] (2) goxlr_daemon::device: Updating Music volume from 150 to 155 as a human moved the fader
17:04:03 [DEBUG] (2) goxlr_daemon::device: Updating Music volume from 155 to 160 as a human moved the fader
17:04:03 [DEBUG] (2) goxlr_daemon::device: Updating Music volume from 160 to 165 as a human moved the fader
17:04:03 [DEBUG] (2) goxlr_daemon::device: Updating Music volume from 165 to 170 as a human moved the fader
17:04:03 [DEBUG] (2) goxlr_daemon::device: Updating Music volume from 170 to 175 as a human moved the fader
17:04:03 [DEBUG] (2) goxlr_daemon::device: Updating Music volume from 175 to 179 as a human moved the fader
17:04:03 [DEBUG] (2) goxlr_daemon::device: Updating Music volume from 179 to 183 as a human moved the fader
17:04:03 [DEBUG] (2) goxlr_daemon::device: Updating Music volume from 183 to 187 as a human moved the fader
17:04:03 [DEBUG] (2) goxlr_daemon::device: Updating Music volume from 187 to 189 as a human moved the fader
17:04:03 [DEBUG] (2) goxlr_daemon::device: Updating Music volume from 189 to 191 as a human moved the fader
17:04:03 [DEBUG] (2) goxlr_daemon::device: Updating Music volume from 191 to 195 as a human moved the fader
17:04:03 [DEBUG] (2) goxlr_daemon::device: Updating Music volume from 195 to 197 as a human moved the fader
17:04:03 [DEBUG] (2) goxlr_daemon::device: Updating Music volume from 197 to 199 as a human moved the fader
17:04:05 [DEBUG] (2) goxlr_daemon::device: Updating Mic volume from 193 to 206 as a human moved the fader
17:04:05 [DEBUG] (2) goxlr_daemon::device: Updating Mic volume from 206 to 211 as a human moved the fader
17:04:05 [DEBUG] (2) goxlr_daemon::device: Updating Mic volume from 211 to 215 as a human moved the fader
17:04:05 [DEBUG] (2) goxlr_daemon::device: Updating Mic volume from 215 to 217 as a human moved the fader
17:04:05 [DEBUG] (2) goxlr_daemon::device: Updating Mic volume from 217 to 221 as a human moved the fader
17:04:05 [DEBUG] (2) goxlr_daemon::device: Updating Mic volume from 221 to 223 as a human moved the fader
17:04:05 [DEBUG] (2) goxlr_daemon::device: Updating Mic volume from 223 to 225 as a human moved the fader
17:04:05 [DEBUG] (2) goxlr_daemon::device: Updating Mic volume from 225 to 223 as a human moved the fader
17:04:05 [DEBUG] (2) goxlr_daemon::device: Updating Mic volume from 223 to 221 as a human moved the fader
17:04:05 [DEBUG] (2) goxlr_daemon::device: Updating Mic volume from 221 to 219 as a human moved the fader
17:04:05 [DEBUG] (2) goxlr_daemon::device: Updating Mic volume from 219 to 217 as a human moved the fader
17:04:05 [DEBUG] (15) goxlr_daemon::device: Updating Mic volume from 217 to 215 as a human moved the fader
17:04:05 [DEBUG] (15) goxlr_daemon::device: Updating Mic volume from 215 to 211 as a human moved the fader
17:04:05 [DEBUG] (15) goxlr_daemon::device: Updating Mic volume from 211 to 206 as a human moved the fader
17:04:05 [DEBUG] (15) goxlr_daemon::device: Updating Mic volume from 206 to 199 as a human moved the fader
17:04:05 [DEBUG] (15) goxlr_daemon::device: Updating Mic volume from 199 to 192 as a human moved the fader
17:04:05 [DEBUG] (15) goxlr_daemon::device: Updating Mic volume from 192 to 183 as a human moved the fader
17:04:05 [DEBUG] (15) goxlr_daemon::device: Updating Mic volume from 183 to 176 as a human moved the fader
17:04:05 [DEBUG] (15) goxlr_daemon::device: Updating Mic volume from 176 to 169 as a human moved the fader
17:04:05 [DEBUG] (15) goxlr_daemon::device: Updating Mic volume from 169 to 162 as a human moved the fader
17:04:05 [DEBUG] (15) goxlr_daemon::device: Updating Mic volume from 162 to 156 as a human moved the fader
17:04:05 [DEBUG] (15) goxlr_daemon::device: Updating Mic volume from 156 to 148 as a human moved the fader
17:04:05 [DEBUG] (15) goxlr_daemon::device: Updating Mic volume from 148 to 144 as a human moved the fader
17:04:05 [DEBUG] (15) goxlr_daemon::device: Updating Mic volume from 144 to 140 as a human moved the fader
17:04:06 [DEBUG] (15) goxlr_daemon::device: Updating Mic volume from 140 to 142 as a human moved the fader
17:04:06 [DEBUG] (15) goxlr_daemon::device: Updating Mic volume from 142 to 146 as a human moved the fader
17:04:06 [DEBUG] (15) goxlr_daemon::device: Updating Mic volume from 146 to 151 as a human moved the fader
17:04:06 [DEBUG] (15) goxlr_daemon::device: Updating Mic volume from 151 to 156 as a human moved the fader
17:04:06 [DEBUG] (15) goxlr_daemon::device: Updating Mic volume from 156 to 161 as a human moved the fader
17:04:06 [DEBUG] (15) goxlr_daemon::device: Updating Mic volume from 161 to 167 as a human moved the fader
17:04:06 [DEBUG] (15) goxlr_daemon::device: Updating Mic volume from 167 to 172 as a human moved the fader
17:04:06 [DEBUG] (15) goxlr_daemon::device: Updating Mic volume from 172 to 176 as a human moved the fader
17:04:06 [DEBUG] (15) goxlr_daemon::device: Updating Mic volume from 176 to 178 as a human moved the fader
17:04:06 [DEBUG] (15) goxlr_daemon::device: Updating Mic volume from 178 to 182 as a human moved the fader
17:04:06 [DEBUG] (15) goxlr_daemon::device: Updating Mic volume from 182 to 184 as a human moved the fader
17:04:06 [DEBUG] (15) goxlr_daemon::device: Updating Mic volume from 184 to 186 as a human moved the fader
17:04:06 [DEBUG] (15) goxlr_daemon::device: Updating Mic volume from 186 to 188 as a human moved the fader
17:04:07 [DEBUG] (2) goxlr_daemon::device: Updating Mic volume from 188 to 192 as a human moved the fader
17:04:07 [DEBUG] (2) goxlr_daemon::device: Updating Mic volume from 192 to 194 as a human moved the fader
17:04:09 [DEBUG] (15) goxlr_daemon::device: Updating Chat volume from 227 to 231 as a human moved the fader
17:04:10 [DEBUG] (15) goxlr_daemon::device: Updating Chat volume from 231 to 233 as a human moved the fader
17:04:10 [DEBUG] (15) goxlr_daemon::device: Updating Chat volume from 233 to 235 as a human moved the fader
17:04:10 [DEBUG] (15) goxlr_daemon::device: Updating Chat volume from 235 to 237 as a human moved the fader
17:04:10 [DEBUG] (15) goxlr_daemon::device: Updating Chat volume from 237 to 241 as a human moved the fader
17:04:10 [DEBUG] (15) goxlr_daemon::device: Updating Chat volume from 241 to 243 as a human moved the fader
17:04:10 [DEBUG] (15) goxlr_daemon::device: Updating Chat volume from 243 to 251 as a human moved the fader
17:04:10 [DEBUG] (15) goxlr_daemon::device: Updating Chat volume from 251 to 253 as a human moved the fader
17:04:10 [DEBUG] (15) goxlr_daemon::device: Updating Chat volume from 253 to 255 as a human moved the fader
17:04:20 [DEBUG] (2) goxlr_daemon::device: Updating Chat volume from 255 to 247 as a human moved the fader
17:04:20 [DEBUG] (2) goxlr_daemon::device: Updating Chat volume from 247 to 239 as a human moved the fader
17:04:20 [DEBUG] (2) goxlr_daemon::device: Updating Chat volume from 239 to 233 as a human moved the fader
17:04:20 [DEBUG] (2) goxlr_daemon::device: Updating Chat volume from 233 to 229 as a human moved the fader
17:04:20 [DEBUG] (2) goxlr_daemon::device: Updating Chat volume from 229 to 223 as a human moved the fader
17:04:20 [DEBUG] (2) goxlr_daemon::device: Updating Chat volume from 223 to 217 as a human moved the fader
17:04:20 [DEBUG] (2) goxlr_daemon::device: Updating Chat volume from 217 to 208 as a human moved the fader
17:04:20 [DEBUG] (2) goxlr_daemon::device: Updating Chat volume from 208 to 200 as a human moved the fader
17:04:20 [DEBUG] (2) goxlr_daemon::device: Updating Chat volume from 200 to 190 as a human moved the fader
17:04:20 [DEBUG] (2) goxlr_daemon::device: Updating Chat volume from 190 to 182 as a human moved the fader
17:04:20 [DEBUG] (2) goxlr_daemon::device: Updating Chat volume from 182 to 175 as a human moved the fader
17:04:20 [DEBUG] (2) goxlr_daemon::device: Updating Chat volume from 175 to 167 as a human moved the fader
17:04:20 [DEBUG] (2) goxlr_daemon::device: Updating Chat volume from 167 to 160 as a human moved the fader
17:04:20 [DEBUG] (2) goxlr_daemon::device: Updating Chat volume from 160 to 152 as a human moved the fader
17:04:20 [DEBUG] (2) goxlr_daemon::device: Updating Chat volume from 152 to 148 as a human moved the fader
17:04:20 [DEBUG] (2) goxlr_daemon::device: Updating Chat volume from 148 to 144 as a human moved the fader
17:04:20 [DEBUG] (2) goxlr_daemon::device: Updating Chat volume from 144 to 140 as a human moved the fader
17:04:20 [DEBUG] (2) goxlr_daemon::device: Updating Chat volume from 140 to 138 as a human moved the fader
17:04:20 [DEBUG] (2) goxlr_daemon::device: Updating Chat volume from 138 to 136 as a human moved the fader
17:04:20 [DEBUG] (2) goxlr_daemon::device: Updating Chat volume from 136 to 132 as a human moved the fader
17:04:20 [DEBUG] (15) goxlr_daemon::device: Updating Chat volume from 132 to 128 as a human moved the fader
17:04:20 [DEBUG] (15) goxlr_daemon::device: Updating Chat volume from 128 to 123 as a human moved the fader
17:04:20 [DEBUG] (15) goxlr_daemon::device: Updating Chat volume from 123 to 117 as a human moved the fader
17:04:20 [DEBUG] (15) goxlr_daemon::device: Updating Chat volume from 117 to 112 as a human moved the fader
17:04:20 [DEBUG] (15) goxlr_daemon::device: Updating Chat volume from 112 to 106 as a human moved the fader
17:04:21 [DEBUG] (15) goxlr_daemon::device: Updating Chat volume from 106 to 101 as a human moved the fader
17:04:21 [DEBUG] (15) goxlr_daemon::device: Updating Chat volume from 101 to 96 as a human moved the fader
17:04:21 [DEBUG] (15) goxlr_daemon::device: Updating Chat volume from 96 to 92 as a human moved the fader
17:04:21 [DEBUG] (15) goxlr_daemon::device: Updating Chat volume from 92 to 90 as a human moved the fader
17:04:21 [DEBUG] (15) goxlr_daemon::device: Updating Chat volume from 90 to 86 as a human moved the fader
17:04:21 [DEBUG] (15) goxlr_daemon::device: Updating Chat volume from 86 to 84 as a human moved the fader
17:04:21 [DEBUG] (15) goxlr_daemon::device: Updating Chat volume from 84 to 82 as a human moved the fader
17:04:21 [DEBUG] (15) goxlr_daemon::device: Updating Chat volume from 82 to 80 as a human moved the fader
17:04:21 [DEBUG] (15) goxlr_daemon::device: Updating Chat volume from 80 to 78 as a human moved the fader
17:04:21 [DEBUG] (15) goxlr_daemon::device: Updating Chat volume from 78 to 76 as a human moved the fader
17:04:21 [DEBUG] (15) goxlr_daemon::device: Updating Chat volume from 76 to 74 as a human moved the fader
17:04:21 [DEBUG] (15) goxlr_daemon::device: Updating Chat volume from 74 to 70 as a human moved the fader
17:04:21 [DEBUG] (15) goxlr_daemon::device: Updating Chat volume from 70 to 66 as a human moved the fader
17:04:21 [DEBUG] (15) goxlr_daemon::device: Updating Chat volume from 66 to 64 as a human moved the fader
17:04:21 [DEBUG] (15) goxlr_daemon::device: Updating Chat volume from 64 to 60 as a human moved the fader
17:04:21 [DEBUG] (15) goxlr_daemon::device: Updating Chat volume from 60 to 58 as a human moved the fader
17:04:21 [DEBUG] (15) goxlr_daemon::device: Updating Chat volume from 58 to 64 as a human moved the fader
17:04:21 [DEBUG] (15) goxlr_daemon::device: Updating Chat volume from 64 to 69 as a human moved the fader
17:04:21 [DEBUG] (15) goxlr_daemon::device: Updating Chat volume from 69 to 75 as a human moved the fader
17:04:21 [DEBUG] (15) goxlr_daemon::device: Updating Chat volume from 75 to 85 as a human moved the fader
17:04:21 [DEBUG] (15) goxlr_daemon::device: Updating Chat volume from 85 to 93 as a human moved the fader
17:04:22 [DEBUG] (15) goxlr_daemon::device: Updating Chat volume from 93 to 106 as a human moved the fader
17:04:22 [DEBUG] (15) goxlr_daemon::device: Updating Chat volume from 106 to 117 as a human moved the fader
17:04:22 [DEBUG] (15) goxlr_daemon::device: Updating Chat volume from 117 to 131 as a human moved the fader
17:04:22 [DEBUG] (15) goxlr_daemon::device: Updating Chat volume from 131 to 140 as a human moved the fader
17:04:22 [DEBUG] (15) goxlr_daemon::device: Updating Chat volume from 140 to 149 as a human moved the fader
17:04:22 [DEBUG] (15) goxlr_daemon::device: Updating Chat volume from 149 to 159 as a human moved the fader
17:04:22 [DEBUG] (15) goxlr_daemon::device: Updating Chat volume from 159 to 168 as a human moved the fader
17:04:22 [DEBUG] (15) goxlr_daemon::device: Updating Chat volume from 168 to 175 as a human moved the fader
17:04:22 [DEBUG] (15) goxlr_daemon::device: Updating Chat volume from 175 to 180 as a human moved the fader
17:04:22 [DEBUG] (15) goxlr_daemon::device: Updating Chat volume from 180 to 182 as a human moved the fader
17:04:22 [DEBUG] (15) goxlr_daemon::device: Updating Chat volume from 182 to 184 as a human moved the fader
17:04:22 [DEBUG] (15) goxlr_daemon::device: Updating Chat volume from 184 to 182 as a human moved the fader
17:04:22 [DEBUG] (15) goxlr_daemon::device: Updating Chat volume from 182 to 178 as a human moved the fader
17:04:22 [DEBUG] (15) goxlr_daemon::device: Updating Chat volume from 178 to 172 as a human moved the fader
17:04:22 [DEBUG] (15) goxlr_daemon::device: Updating Chat volume from 172 to 164 as a human moved the fader
17:04:22 [DEBUG] (15) goxlr_daemon::device: Updating Chat volume from 164 to 158 as a human moved the fader
17:04:22 [DEBUG] (15) goxlr_daemon::device: Updating Chat volume from 158 to 150 as a human moved the fader
17:04:22 [DEBUG] (15) goxlr_daemon::device: Updating Chat volume from 150 to 142 as a human moved the fader
17:04:22 [DEBUG] (15) goxlr_daemon::device: Updating Chat volume from 142 to 135 as a human moved the fader
17:04:22 [DEBUG] (15) goxlr_daemon::device: Updating Chat volume from 135 to 126 as a human moved the fader
17:04:22 [DEBUG] (15) goxlr_daemon::device: Updating Chat volume from 126 to 118 as a human moved the fader
17:04:22 [DEBUG] (15) goxlr_daemon::device: Updating Chat volume from 118 to 113 as a human moved the fader
17:04:22 [DEBUG] (15) goxlr_daemon::device: Updating Chat volume from 113 to 108 as a human moved the fader
17:04:22 [DEBUG] (15) goxlr_daemon::device: Updating Chat volume from 108 to 106 as a human moved the fader
17:04:22 [DEBUG] (15) goxlr_daemon::device: Updating Chat volume from 106 to 101 as a human moved the fader
17:04:27 [DEBUG] (15) goxlr_daemon::device: Updating Chat volume from 101 to 107 as a human moved the fader
17:04:27 [DEBUG] (15) goxlr_daemon::device: Updating Chat volume from 107 to 113 as a human moved the fader
17:04:27 [DEBUG] (15) goxlr_daemon::device: Updating Chat volume from 113 to 118 as a human moved the fader
17:04:27 [DEBUG] (15) goxlr_daemon::device: Updating Chat volume from 118 to 125 as a human moved the fader
17:04:27 [DEBUG] (15) goxlr_daemon::device: Updating Chat volume from 125 to 132 as a human moved the fader
17:04:27 [DEBUG] (15) goxlr_daemon::device: Updating Chat volume from 132 to 142 as a human moved the fader
17:04:27 [DEBUG] (15) goxlr_daemon::device: Updating Chat volume from 142 to 150 as a human moved the fader
17:04:27 [DEBUG] (15) goxlr_daemon::device: Updating Chat volume from 150 to 157 as a human moved the fader
17:04:27 [DEBUG] (15) goxlr_daemon::device: Updating Chat volume from 157 to 165 as a human moved the fader
17:04:27 [DEBUG] (15) goxlr_daemon::device: Updating Chat volume from 165 to 175 as a human moved the fader
17:04:27 [DEBUG] (15) goxlr_daemon::device: Updating Chat volume from 175 to 183 as a human moved the fader
17:04:27 [DEBUG] (15) goxlr_daemon::device: Updating Chat volume from 183 to 192 as a human moved the fader
17:04:27 [DEBUG] (15) goxlr_daemon::device: Updating Chat volume from 192 to 199 as a human moved the fader
17:04:27 [DEBUG] (15) goxlr_daemon::device: Updating Chat volume from 199 to 207 as a human moved the fader
17:04:27 [DEBUG] (15) goxlr_daemon::device: Updating Chat volume from 207 to 215 as a human moved the fader
17:04:27 [DEBUG] (15) goxlr_daemon::device: Updating Chat volume from 215 to 221 as a human moved the fader
17:04:27 [DEBUG] (15) goxlr_daemon::device: Updating Chat volume from 221 to 229 as a human moved the fader
17:04:27 [DEBUG] (15) goxlr_daemon::device: Updating Chat volume from 229 to 237 as a human moved the fader
17:04:27 [DEBUG] (15) goxlr_daemon::device: Updating Chat volume from 237 to 239 as a human moved the fader
17:04:27 [DEBUG] (15) goxlr_daemon::device: Updating Chat volume from 239 to 246 as a human moved the fader
17:04:27 [DEBUG] (15) goxlr_daemon::device: Updating Chat volume from 246 to 248 as a human moved the fader
17:04:27 [DEBUG] (15) goxlr_daemon::device: Updating Chat volume from 248 to 250 as a human moved the fader
17:04:27 [DEBUG] (15) goxlr_daemon::device: Updating Chat volume from 250 to 252 as a human moved the fader
17:04:27 [DEBUG] (15) goxlr_daemon::device: Updating Chat volume from 252 to 254 as a human moved the fader
17:04:27 [DEBUG] (2) goxlr_daemon::device: Updating Chat volume from 254 to 252 as a human moved the fader
17:04:27 [DEBUG] (2) goxlr_daemon::device: Updating Chat volume from 252 to 246 as a human moved the fader
17:04:27 [DEBUG] (2) goxlr_daemon::device: Updating Chat volume from 246 to 239 as a human moved the fader
17:04:27 [DEBUG] (2) goxlr_daemon::device: Updating Chat volume from 239 to 232 as a human moved the fader
17:04:27 [DEBUG] (2) goxlr_daemon::device: Updating Chat volume from 232 to 223 as a human moved the fader
17:04:27 [DEBUG] (2) goxlr_daemon::device: Updating Chat volume from 223 to 213 as a human moved the fader
17:04:27 [DEBUG] (2) goxlr_daemon::device: Updating Chat volume from 213 to 203 as a human moved the fader
17:04:27 [DEBUG] (2) goxlr_daemon::device: Updating Chat volume from 203 to 189 as a human moved the fader
17:04:27 [DEBUG] (2) goxlr_daemon::device: Updating Chat volume from 189 to 176 as a human moved the fader
17:04:27 [DEBUG] (2) goxlr_daemon::device: Updating Chat volume from 176 to 159 as a human moved the fader
17:04:27 [DEBUG] (2) goxlr_daemon::device: Updating Chat volume from 159 to 147 as a human moved the fader
17:04:27 [DEBUG] (2) goxlr_daemon::device: Updating Chat volume from 147 to 131 as a human moved the fader
17:04:27 [DEBUG] (2) goxlr_daemon::device: Updating Chat volume from 131 to 117 as a human moved the fader
17:04:27 [DEBUG] (2) goxlr_daemon::device: Updating Chat volume from 117 to 98 as a human moved the fader
17:04:27 [DEBUG] (2) goxlr_daemon::device: Updating Chat volume from 98 to 87 as a human moved the fader
17:04:27 [DEBUG] (2) goxlr_daemon::device: Updating Chat volume from 87 to 75 as a human moved the fader
17:04:27 [DEBUG] (2) goxlr_daemon::device: Updating Chat volume from 75 to 68 as a human moved the fader
17:04:28 [DEBUG] (2) goxlr_daemon::device: Updating Chat volume from 68 to 59 as a human moved the fader
17:04:28 [DEBUG] (2) goxlr_daemon::device: Updating Chat volume from 59 to 55 as a human moved the fader
17:04:28 [DEBUG] (2) goxlr_daemon::device: Updating Chat volume from 55 to 51 as a human moved the fader
17:04:28 [DEBUG] (2) goxlr_daemon::device: Updating Chat volume from 51 to 49 as a human moved the fader
17:04:28 [DEBUG] (2) goxlr_daemon::device: Updating Chat volume from 49 to 45 as a human moved the fader
17:04:28 [DEBUG] (2) goxlr_daemon::device: Updating Chat volume from 45 to 47 as a human moved the fader
17:04:28 [DEBUG] (2) goxlr_daemon::device: Updating Chat volume from 47 to 55 as a human moved the fader
17:04:28 [DEBUG] (2) goxlr_daemon::device: Updating Chat volume from 55 to 72 as a human moved the fader
17:04:28 [DEBUG] (2) goxlr_daemon::device: Updating Chat volume from 72 to 86 as a human moved the fader
17:04:28 [DEBUG] (2) goxlr_daemon::device: Updating Chat volume from 86 to 101 as a human moved the fader
17:04:28 [DEBUG] (2) goxlr_daemon::device: Updating Chat volume from 101 to 112 as a human moved the fader
17:04:28 [DEBUG] (2) goxlr_daemon::device: Updating Chat volume from 112 to 125 as a human moved the fader
17:04:28 [DEBUG] (2) goxlr_daemon::device: Updating Chat volume from 125 to 138 as a human moved the fader
17:04:28 [DEBUG] (2) goxlr_daemon::device: Updating Chat volume from 138 to 152 as a human moved the fader
17:04:28 [DEBUG] (2) goxlr_daemon::device: Updating Chat volume from 152 to 165 as a human moved the fader
17:04:28 [DEBUG] (2) goxlr_daemon::device: Updating Chat volume from 165 to 179 as a human moved the fader
17:04:28 [DEBUG] (2) goxlr_daemon::device: Updating Chat volume from 179 to 191 as a human moved the fader
17:04:28 [DEBUG] (2) goxlr_daemon::device: Updating Chat volume from 191 to 205 as a human moved the fader
17:04:28 [DEBUG] (2) goxlr_daemon::device: Updating Chat volume from 205 to 217 as a human moved the fader
17:04:28 [DEBUG] (2) goxlr_daemon::device: Updating Chat volume from 217 to 229 as a human moved the fader
17:04:28 [DEBUG] (2) goxlr_daemon::device: Updating Chat volume from 229 to 240 as a human moved the fader
17:04:28 [DEBUG] (2) goxlr_daemon::device: Updating Chat volume from 240 to 251 as a human moved the fader
17:04:28 [DEBUG] (2) goxlr_daemon::device: Updating Chat volume from 251 to 255 as a human moved the fader
17:04:28 [DEBUG] (2) goxlr_daemon::device: Updating Chat volume from 255 to 249 as a human moved the fader
17:04:28 [DEBUG] (2) goxlr_daemon::device: Updating Chat volume from 249 to 240 as a human moved the fader
17:04:28 [DEBUG] (2) goxlr_daemon::device: Updating Chat volume from 240 to 227 as a human moved the fader
17:04:28 [DEBUG] (2) goxlr_daemon::device: Updating Chat volume from 227 to 214 as a human moved the fader
17:04:28 [DEBUG] (2) goxlr_daemon::device: Updating Chat volume from 214 to 201 as a human moved the fader
17:04:28 [DEBUG] (2) goxlr_daemon::device: Updating Chat volume from 201 to 185 as a human moved the fader
17:04:28 [DEBUG] (2) goxlr_daemon::device: Updating Chat volume from 185 to 173 as a human moved the fader
17:04:28 [DEBUG] (2) goxlr_daemon::device: Updating Chat volume from 173 to 158 as a human moved the fader
17:04:28 [DEBUG] (2) goxlr_daemon::device: Updating Chat volume from 158 to 143 as a human moved the fader
17:04:28 [DEBUG] (2) goxlr_daemon::device: Updating Chat volume from 143 to 132 as a human moved the fader
17:04:28 [DEBUG] (2) goxlr_daemon::device: Updating Chat volume from 132 to 121 as a human moved the fader
17:04:28 [DEBUG] (2) goxlr_daemon::device: Updating Chat volume from 121 to 116 as a human moved the fader
17:04:29 [DEBUG] (2) goxlr_daemon::device: Updating Chat volume from 116 to 111 as a human moved the fader
17:04:29 [DEBUG] (2) goxlr_daemon::device: Updating Chat volume from 111 to 109 as a human moved the fader
17:04:29 [DEBUG] (2) goxlr_daemon::device: Updating Chat volume from 109 to 107 as a human moved the fader
17:04:29 [DEBUG] (2) goxlr_daemon::device: Updating Chat volume from 107 to 109 as a human moved the fader
17:04:29 [DEBUG] (2) goxlr_daemon::device: Updating Chat volume from 109 to 111 as a human moved the fader
17:04:29 [DEBUG] (2) goxlr_daemon::device: Updating Chat volume from 111 to 113 as a human moved the fader
17:04:29 [DEBUG] (2) goxlr_daemon::device: Updating Chat volume from 113 to 117 as a human moved the fader
17:04:29 [DEBUG] (2) goxlr_daemon::device: Updating Chat volume from 117 to 121 as a human moved the fader
17:04:29 [DEBUG] (2) goxlr_daemon::device: Updating Chat volume from 121 to 123 as a human moved the fader
17:04:29 [DEBUG] (2) goxlr_daemon::device: Updating Chat volume from 123 to 127 as a human moved the fader
17:04:29 [DEBUG] (2) goxlr_daemon::device: Updating Chat volume from 127 to 129 as a human moved the fader
17:04:29 [DEBUG] (2) goxlr_daemon::device: Updating Chat volume from 129 to 131 as a human moved the fader
17:04:29 [DEBUG] (2) goxlr_daemon::device: Updating Chat volume from 131 to 133 as a human moved the fader
17:04:29 [DEBUG] (2) goxlr_daemon::device: Updating Chat volume from 133 to 135 as a human moved the fader
17:04:35 [DEBUG] (15) goxlr_daemon::events: Shutdown Phase 1 Triggered..
17:04:35 [DEBUG] (15) goxlr_daemon::device: Shutting Down Device: S211201578DI7
17:04:35 [DEBUG] (15) goxlr_daemon::events: Shutdown Phase 2 Triggered..
17:04:35 [INFO] Shutting down daemon
17:04:35 [INFO] Shutting down device worker
17:04:35 [DEBUG] (12) goxlr_daemon::tray::linux: Shutting Down Tray Handler..
17:04:35 [DEBUG] (17) goxlr_daemon::platform::unix: Platform Runtime Ended
17:04:35 [DEBUG] (11) goxlr_daemon::files: Shutdown Signal Received.
17:04:35 [INFO] Shutting down TTS Service
17:04:35 [INFO] HTTP Server Stopped.
17:04:35 [DEBUG] (16) goxlr_daemon::platform::linux::sleep: End of Run
17:04:48 [INFO] Starting GoXLR Daemon v1.2.4
17:04:48 [INFO] System Locale: en_US
17:04:48 [INFO] Performing Platform Preflight...
17:04:48 [DEBUG] (1) goxlr_daemon: HTTP Bind Address: localhost
17:04:48 [INFO] Bound IPC Socket @ Name(UdSocketPath("/tmp/goxlr.socket"))
17:04:48 [DEBUG] (16) goxlr_daemon::platform::linux::autostart: Found XDG AutoStart Path: "/home/mahiru/.config/autostart"
17:04:48 [DEBUG] (17) goxlr_daemon::servers::ipc_server: Running IPC Server..
17:04:48 [DEBUG] (16) goxlr_daemon::primary_worker: Performing Firmware Version Check..
17:04:48 [INFO] Started GoXLR configuration interface at http://localhost:14564/
17:04:48 [INFO] Starting TTS Service..
17:04:48 [DEBUG] (14) goxlr_daemon::events: Starting Event Loop..
17:04:48 [DEBUG] (17) goxlr_daemon::platform::linux::sleep: Spawning Sleep Handler..
17:04:48 [DEBUG] (17) goxlr_daemon::platform::linux::sleep: Attempting to Inhibit Sleep..
17:04:48 [DEBUG] (17) goxlr_daemon::platform::linux::sleep: Inhibitor Successfully Established.
17:04:48 [DEBUG] (17) goxlr_daemon::platform::linux::sleep: Awaiting Result from 'PrepareForSleep'
17:04:48 [INFO] Connected to possible GoXLR device at Bus 001 Device 004: ID 1220:8fe4
17:04:48 [DEBUG] (17) goxlr_daemon::platform::linux::sleep: Preparing Lock Proxy..
17:04:48 [DEBUG] (17) goxlr_daemon::platform::linux::sleep: Entering Signal Loop..
17:04:48 [DEBUG] (4) goxlr_usb::device::libusb::device: Handling initial request
17:04:48 [DEBUG] (4) goxlr_daemon::device: New Device Loading..
17:04:48 [INFO] Configuring GoXLR Mini, Profile: Default, Mic Profile: DEFAULT
17:04:48 [DEBUG] (4) goxlr_daemon::profile: Loading Profile From /home/mahiru/.local/share/goxlr-utility/profiles/Default.goxlr
17:04:48 [DEBUG] (4) goxlr_profile_loader::profile: Loading Profile Archive..
17:04:48 [DEBUG] (4) goxlr_profile_loader::profile: Attempting to read profile.xml..
17:04:48 [DEBUG] (4) goxlr_profile_loader::profile: Preparing Structure..
17:04:48 [DEBUG] (4) goxlr_profile_loader::profile: MixRoutingTree { mix: {Headphones: A, Broadcast: A, LineOut: A, ChatMic: A, Sampler: A, StreamMix2: A} }
17:04:48 [DEBUG] (4) goxlr_profile_loader::profile: SubMixer { submix_enabled: false, volume_table: {Mic: 0, Chat: 0, Music: 0, Game: 0, Console: 0, LineIn: 0, System: 0, Sample: 0}, monitor_tree: MonitorTree { monitored_output: Headphones, headphone_mix: A, routing: {Mic: 8192, Chat: 8192, Music: 8192, Game: 8192, Console: 8192, LineIn: 8192, System: 8192, Sample: 8192} }, linking_tree: LinkingTree { linked_list: {Mic: true, Chat: true, Music: true, Game: true, Console: true, LineIn: true, System: true, Sample: true}, linked_ratio: {Mic: 1.0, Chat: 1.0, Music: 1.0, Game: 1.0, Console: 1.0, LineIn: 1.0, System: 1.0, Sample: 1.0} } }
17:04:48 [DEBUG] (4) goxlr_daemon::device: Profile Successfully Loaded, Performing Backup..
17:04:48 [DEBUG] (4) goxlr_profile_loader::profile: Creating Temporary Save File: "/home/mahiru/.local/share/goxlr-utility/backups/Default.tmp"
17:04:48 [DEBUG] (4) goxlr_profile_loader::profile: Save Complete and synced, renaming to "/home/mahiru/.local/share/goxlr-utility/backups/Default.goxlr"
17:04:48 [DEBUG] (4) goxlr_profile_loader::profile: Target profile exists, removing..
17:04:48 [DEBUG] (4) goxlr_profile_loader::profile: Renaming "/home/mahiru/.local/share/goxlr-utility/backups/Default.tmp" to "/home/mahiru/.local/share/goxlr-utility/backups/Default.goxlr"
17:04:48 [DEBUG] (4) goxlr_daemon::device: Main Profile Backup Complete
17:04:48 [DEBUG] (4) goxlr_daemon::device: Mic Profile Successfully Loaded, Performing Backup..
17:04:48 [DEBUG] (4) goxlr_profile_loader::mic_profile: Creating Temporary Save File: "/home/mahiru/.local/share/goxlr-utility/backups/DEFAULT.tmp"
17:04:48 [DEBUG] (4) goxlr_profile_loader::mic_profile: Save Complete and synced, renaming to "/home/mahiru/.local/share/goxlr-utility/backups/DEFAULT.goxlrMicProfile"
17:04:48 [DEBUG] (4) goxlr_profile_loader::mic_profile: Target mic profile exists, removing..
17:04:48 [DEBUG] (4) goxlr_profile_loader::mic_profile: Renaming "/home/mahiru/.local/share/goxlr-utility/backups/DEFAULT.tmp" to "/home/mahiru/.local/share/goxlr-utility/backups/DEFAULT.goxlrMicProfile"
17:04:48 [DEBUG] (4) goxlr_daemon::device: Mic Profile Backup Complete
17:04:48 [DEBUG] (4) goxlr_daemon::device: Not Spawning Audio Handler, Device is Mini!
17:04:48 [DEBUG] (4) goxlr_daemon::device: --- DEVICE INFO ---
17:04:48 [DEBUG] (4) goxlr_daemon::device: Serial: "S211201578DI7"
17:04:48 [DEBUG] (4) goxlr_daemon::device: Firmware: 1.1.8.43
17:04:48 [DEBUG] (4) goxlr_daemon::device: DICE: 1.1.8.43
17:04:48 [DEBUG] (4) goxlr_daemon::device: Type: Mini
17:04:48 [DEBUG] (4) goxlr_daemon::device: -------------------
17:04:48 [DEBUG] (4) goxlr_daemon::device: Applying Profile..
17:04:48 [DEBUG] (4) goxlr_daemon::device: Setting Faders..
17:04:48 [DEBUG] (4) goxlr_daemon::device: Setting Fader A to Mic
17:04:48 [DEBUG] (4) goxlr_daemon::device: Setting Fader B to Music
17:04:48 [DEBUG] (15) goxlr_daemon::primary_worker: Firmware Update Process Finished
17:04:48 [DEBUG] (4) goxlr_daemon::device: Setting Fader C to Chat
17:04:48 [DEBUG] (4) goxlr_daemon::device: Setting Fader D to System
17:04:48 [DEBUG] (4) goxlr_daemon::device: Setting Mute States..
17:04:48 [DEBUG] (4) goxlr_daemon::device: Applying Microphone Mute State
17:04:48 [DEBUG] (4) goxlr_daemon::device: Setting Mic to Unmuted
17:04:48 [DEBUG] (4) goxlr_daemon::device: Unknown Channel state for LineIn, Unmuting.
17:04:48 [DEBUG] (4) goxlr_daemon::device: Unknown Channel state for Console, Unmuting.
17:04:48 [DEBUG] (4) goxlr_daemon::device: Channel System on Fader, Loading State from Profile
17:04:48 [DEBUG] (4) goxlr_daemon::device: Channel System set to Unmuted (no previous)
17:04:48 [DEBUG] (4) goxlr_daemon::device: Unknown Channel state for Game, Unmuting.
17:04:48 [DEBUG] (4) goxlr_daemon::device: Channel Chat on Fader, Loading State from Profile
17:04:48 [DEBUG] (4) goxlr_daemon::device: Channel Chat set to Unmuted (no previous)
17:04:48 [DEBUG] (4) goxlr_daemon::device: Unknown Channel state for Sample, Unmuting.
17:04:48 [DEBUG] (4) goxlr_daemon::device: Channel Music on Fader, Loading State from Profile
17:04:48 [DEBUG] (4) goxlr_daemon::device: Channel Music set to Unmuted (no previous)
17:04:48 [DEBUG] (4) goxlr_daemon::device: Unknown Channel state for Headphones, Unmuting.
17:04:48 [DEBUG] (4) goxlr_daemon::device: Unknown Channel state for MicMonitor, Unmuting.
17:04:48 [DEBUG] (4) goxlr_daemon::device: Unknown Channel state for LineOut, Unmuting.
17:04:48 [DEBUG] (4) goxlr_daemon::device: Setting Channel Volumes..
17:04:48 [DEBUG] (4) goxlr_daemon::device: No reference volumes, sending channels in order
17:04:48 [DEBUG] (4) goxlr_daemon::device: Setting volume for Mic to 202
17:04:48 [DEBUG] (4) goxlr_daemon::device: Setting volume for LineIn to 128
17:04:48 [DEBUG] (4) goxlr_daemon::device: Setting volume for Console to 128
17:04:48 [DEBUG] (4) goxlr_daemon::device: Setting volume for System to 126
17:04:48 [DEBUG] (4) goxlr_daemon::device: Setting volume for Game to 128
17:04:48 [DEBUG] (4) goxlr_daemon::device: Setting volume for Chat to 124
17:04:48 [DEBUG] (4) goxlr_daemon::device: Setting volume for Sample to 255
17:04:48 [DEBUG] (4) goxlr_daemon::device: Setting volume for Music to 123
17:04:48 [DEBUG] (4) goxlr_daemon::device: Setting volume for Headphones to 255
17:04:48 [DEBUG] (4) goxlr_daemon::device: Setting volume for MicMonitor to 255
17:04:48 [DEBUG] (4) goxlr_daemon::device: Setting volume for LineOut to 255
17:04:48 [DEBUG] (4) goxlr_daemon::device: Applying Submixing Settings..
17:04:48 [DEBUG] (4) goxlr_daemon::device: Loading Colour Map..
17:04:49 [DEBUG] (4) goxlr_daemon::device: Setting Fader display modes..
17:04:49 [DEBUG] (4) goxlr_daemon::device: Setting display for A
17:04:49 [DEBUG] (4) goxlr_daemon::device: Setting display for B
17:04:49 [DEBUG] (4) goxlr_daemon::device: Setting display for C
17:04:49 [DEBUG] (4) goxlr_daemon::device: Setting display for D
17:04:49 [DEBUG] (4) goxlr_daemon::device: Updating button states..
17:04:49 [DEBUG] (4) goxlr_daemon::device: Applying Routing..
17:04:49 [DEBUG] (4) goxlr_daemon::device: IsStreamNoMusic: false
17:04:49 [DEBUG] (4) goxlr_daemon::device: Applying Routing to Microphone:
17:04:49 [DEBUG] (4) goxlr_daemon::device: IsStreamNoMusic: false
17:04:49 [DEBUG] (4) goxlr_daemon::device: Applying Routing to Chat:
17:04:49 [DEBUG] (4) goxlr_daemon::device: IsStreamNoMusic: false
17:04:49 [DEBUG] (4) goxlr_daemon::device: Applying Routing to Music:
17:04:49 [DEBUG] (4) goxlr_daemon::device: Light HardTune Enabled for Channel: Music
17:04:49 [DEBUG] (4) goxlr_daemon::device: IsStreamNoMusic: false
17:04:49 [DEBUG] (4) goxlr_daemon::device: Applying Routing to Game:
17:04:49 [DEBUG] (4) goxlr_daemon::device: Light HardTune Enabled for Channel: Game
17:04:49 [DEBUG] (4) goxlr_daemon::device: IsStreamNoMusic: false
17:04:49 [DEBUG] (4) goxlr_daemon::device: Applying Routing to Console:
17:04:49 [DEBUG] (4) goxlr_daemon::device: IsStreamNoMusic: false
17:04:49 [DEBUG] (4) goxlr_daemon::device: Applying Routing to LineIn:
17:04:49 [DEBUG] (4) goxlr_daemon::device: Light HardTune Enabled for Channel: LineIn
17:04:49 [DEBUG] (4) goxlr_daemon::device: IsStreamNoMusic: false
17:04:49 [DEBUG] (4) goxlr_daemon::device: Applying Routing to System:
17:04:49 [DEBUG] (4) goxlr_daemon::device: Light HardTune Enabled for Channel: System
17:04:49 [DEBUG] (4) goxlr_daemon::device: IsStreamNoMusic: false
17:04:49 [DEBUG] (4) goxlr_daemon::device: Applying Routing to Samples:
17:04:49 [DEBUG] (4) goxlr_daemon::device: Applying Voice FX
17:04:49 [DEBUG] (4) goxlr_daemon::device: Validating Sampler Configuration..
17:04:49 [DEBUG] (4) goxlr_daemon::device: Setting Equalizer4KHzGain to 0
17:04:49 [DEBUG] (4) goxlr_daemon::device: Setting Equalizer31HzFrequency to 16
17:04:49 [DEBUG] (4) goxlr_daemon::device: Setting BleepLevel to -10
17:04:49 [DEBUG] (4) goxlr_daemon::device: Setting Equalizer8KHzFrequency to 207
17:04:49 [DEBUG] (4) goxlr_daemon::device: Setting Equalizer250HzFrequency to 87
17:04:49 [DEBUG] (4) goxlr_daemon::device: Setting Equalizer63HzGain to 0
17:04:49 [DEBUG] (4) goxlr_daemon::device: Setting Equalizer250HzGain to 0
17:04:49 [DEBUG] (4) goxlr_daemon::device: Setting Equalizer500HzGain to 0
17:04:49 [DEBUG] (4) goxlr_daemon::device: Setting Equalizer2KHzFrequency to 159
17:04:49 [DEBUG] (4) goxlr_daemon::device: Setting GateAttenuation to -61
17:04:49 [DEBUG] (4) goxlr_daemon::device: Setting CompressorThreshold to 0
17:04:49 [DEBUG] (4) goxlr_daemon::device: Setting Equalizer31HzGain to 0
17:04:49 [DEBUG] (4) goxlr_daemon::device: Setting Equalizer2KHzGain to 0
17:04:49 [DEBUG] (4) goxlr_daemon::device: Setting MicInputMute to 0
17:04:49 [DEBUG] (4) goxlr_daemon::device: Setting Equalizer125HzGain to 0
17:04:49 [DEBUG] (4) goxlr_daemon::device: Setting Equalizer8KHzGain to 0
17:04:49 [DEBUG] (4) goxlr_daemon::device: Setting CompressorAttack to 1
17:04:49 [DEBUG] (4) goxlr_daemon::device: Setting CompressorMakeUpGain to 0
17:04:49 [DEBUG] (4) goxlr_daemon::device: Setting GateEnabled to 1
17:04:49 [DEBUG] (4) goxlr_daemon::device: Setting GateMode to 2
17:04:49 [DEBUG] (4) goxlr_daemon::device: Setting Equalizer1KHzGain to 0
17:04:49 [DEBUG] (4) goxlr_daemon::device: Setting Equalizer16KHzFrequency to 231
17:04:49 [DEBUG] (4) goxlr_daemon::device: Setting Equalizer500HzFrequency to 111
17:04:49 [DEBUG] (4) goxlr_daemon::device: Setting DeEsser to 0
17:04:49 [DEBUG] (4) goxlr_daemon::device: Setting Equalizer125HzFrequency to 63
17:04:49 [DEBUG] (4) goxlr_daemon::device: Setting Equalizer1KHzFrequency to 135
17:04:49 [DEBUG] (4) goxlr_daemon::device: Setting Equalizer63HzFrequency to 40
17:04:49 [DEBUG] (4) goxlr_daemon::device: Setting Equalizer4KHzFrequency to 183
17:04:49 [DEBUG] (4) goxlr_daemon::device: Setting Equalizer16KHzGain to 0
17:04:49 [DEBUG] (4) goxlr_daemon::device: Setting GateThreshold to -59
17:04:49 [DEBUG] (4) goxlr_daemon::device: Setting CompressorRelease to 9
17:04:49 [DEBUG] (4) goxlr_daemon::device: Setting GateAttack to 0
17:04:49 [DEBUG] (4) goxlr_daemon::device: Setting GateRelease to 19
17:04:49 [DEBUG] (4) goxlr_daemon::device: Setting CompressorRatio to 9
17:04:49 [DEBUG] (4) goxlr_daemon::settings: Saving Settings
17:04:49 [DEBUG] (4) goxlr_daemon::settings: Creating Temporary Save File: "/home/mahiru/.config/goxlr-utility/settings.tmp"
17:04:49 [DEBUG] (4) goxlr_daemon::settings: Save Complete and synced, renaming to "/home/mahiru/.config/goxlr-utility/settings.json"
17:04:49 [DEBUG] (4) goxlr_daemon::settings: Target exists, removing..
17:04:49 [DEBUG] (4) goxlr_daemon::settings: Renaming "/home/mahiru/.config/goxlr-utility/settings.tmp" to "/home/mahiru/.config/goxlr-utility/settings.json"
17:04:49 [DEBUG] (4) goxlr_daemon::settings: Settings Saved.
17:04:49 [DEBUG] (4) goxlr_daemon::device: Updating Mic volume from 202 to 195 as a human moved the fader
17:04:49 [DEBUG] (4) goxlr_daemon::device: Updating Music volume from 123 to 179 as a human moved the fader
17:04:49 [DEBUG] (4) goxlr_daemon::device: Updating Chat volume from 124 to 218 as a human moved the fader
17:04:49 [DEBUG] (4) goxlr_daemon::device: Updating System volume from 126 to 205 as a human moved the fader
17:04:49 [DEBUG] (4) goxlr_daemon::device: Updating REVERB value from 15 to 0 as human moved the dial
17:04:49 [DEBUG] (4) goxlr_daemon::device: Setting ReverbAmount to -36
17:04:55 [DEBUG] (4) goxlr_daemon::device: Updating Chat volume from 218 to 121 as a human moved the fader
17:04:55 [DEBUG] (4) goxlr_daemon::device: Updating Chat volume from 121 to 107 as a human moved the fader
17:04:55 [DEBUG] (4) goxlr_daemon::device: Updating Chat volume from 107 to 90 as a human moved the fader
17:04:55 [DEBUG] (4) goxlr_daemon::device: Updating Chat volume from 90 to 77 as a human moved the fader
17:04:55 [DEBUG] (4) goxlr_daemon::device: Updating Chat volume from 77 to 69 as a human moved the fader
17:04:55 [DEBUG] (4) goxlr_daemon::device: Updating Chat volume from 69 to 65 as a human moved the fader
17:04:55 [DEBUG] (4) goxlr_daemon::device: Updating Chat volume from 65 to 67 as a human moved the fader
17:04:55 [DEBUG] (4) goxlr_daemon::device: Updating Chat volume from 67 to 75 as a human moved the fader
17:04:55 [DEBUG] (4) goxlr_daemon::device: Updating Chat volume from 75 to 85 as a human moved the fader
17:04:55 [DEBUG] (4) goxlr_daemon::device: Updating Chat volume from 85 to 98 as a human moved the fader
17:04:55 [DEBUG] (4) goxlr_daemon::device: Updating Chat volume from 98 to 110 as a human moved the fader
17:04:55 [DEBUG] (4) goxlr_daemon::device: Updating Chat volume from 110 to 122 as a human moved the fader
17:04:55 [DEBUG] (4) goxlr_daemon::device: Updating Chat volume from 122 to 133 as a human moved the fader
17:04:55 [DEBUG] (4) goxlr_daemon::device: Updating Chat volume from 133 to 140 as a human moved the fader
17:04:55 [DEBUG] (4) goxlr_daemon::device: Updating Chat volume from 140 to 144 as a human moved the fader
17:04:55 [DEBUG] (4) goxlr_daemon::device: Updating Chat volume from 144 to 146 as a human moved the fader
17:04:55 [DEBUG] (4) goxlr_daemon::device: Updating Chat volume from 146 to 148 as a human moved the fader
17:04:56 [DEBUG] (4) goxlr_daemon::device: Updating Chat volume from 148 to 150 as a human moved the fader
17:04:56 [DEBUG] (4) goxlr_daemon::device: Updating Chat volume from 150 to 154 as a human moved the fader
17:04:56 [DEBUG] (4) goxlr_daemon::device: Updating Chat volume from 154 to 159 as a human moved the fader
17:04:56 [DEBUG] (4) goxlr_daemon::device: Updating Chat volume from 159 to 164 as a human moved the fader
17:04:56 [DEBUG] (4) goxlr_daemon::device: Updating Chat volume from 164 to 168 as a human moved the fader
17:04:56 [DEBUG] (4) goxlr_daemon::device: Updating Chat volume from 168 to 172 as a human moved the fader
17:04:56 [DEBUG] (4) goxlr_daemon::device: Updating Chat volume from 172 to 176 as a human moved the fader
17:04:56 [DEBUG] (4) goxlr_daemon::device: Updating Chat volume from 176 to 180 as a human moved the fader
17:04:56 [DEBUG] (4) goxlr_daemon::device: Updating Chat volume from 180 to 182 as a human moved the fader
17:04:56 [DEBUG] (4) goxlr_daemon::device: Updating Music volume from 179 to 119 as a human moved the fader
17:04:56 [DEBUG] (4) goxlr_daemon::device: Updating Music volume from 119 to 113 as a human moved the fader
17:04:56 [DEBUG] (4) goxlr_daemon::device: Updating Music volume from 113 to 107 as a human moved the fader
17:04:56 [DEBUG] (4) goxlr_daemon::device: Updating Music volume from 107 to 101 as a human moved the fader
17:04:56 [DEBUG] (4) goxlr_daemon::device: Updating Music volume from 101 to 95 as a human moved the fader
17:04:56 [DEBUG] (4) goxlr_daemon::device: Updating Music volume from 95 to 89 as a human moved the fader
17:04:57 [DEBUG] (4) goxlr_daemon::device: Updating Music volume from 89 to 85 as a human moved the fader
17:04:57 [DEBUG] (4) goxlr_daemon::device: Updating Music volume from 85 to 81 as a human moved the fader
17:04:57 [DEBUG] (4) goxlr_daemon::device: Updating Music volume from 81 to 77 as a human moved the fader
17:04:57 [DEBUG] (4) goxlr_daemon::device: Updating Music volume from 77 to 75 as a human moved the fader
17:04:57 [DEBUG] (4) goxlr_daemon::device: Updating Music volume from 75 to 79 as a human moved the fader
17:04:57 [DEBUG] (4) goxlr_daemon::device: Updating Music volume from 79 to 85 as a human moved the fader
17:04:57 [DEBUG] (4) goxlr_daemon::device: Updating Music volume from 85 to 93 as a human moved the fader
17:04:57 [DEBUG] (4) goxlr_daemon::device: Updating Music volume from 93 to 101 as a human moved the fader
17:04:57 [DEBUG] (4) goxlr_daemon::device: Updating Music volume from 101 to 111 as a human moved the fader
17:04:57 [DEBUG] (4) goxlr_daemon::device: Updating Music volume from 111 to 119 as a human moved the fader
17:04:57 [DEBUG] (4) goxlr_daemon::device: Updating Music volume from 119 to 128 as a human moved the fader
17:04:57 [DEBUG] (4) goxlr_daemon::device: Updating Music volume from 128 to 136 as a human moved the fader
17:04:57 [DEBUG] (4) goxlr_daemon::device: Updating Music volume from 136 to 144 as a human moved the fader
17:04:57 [DEBUG] (4) goxlr_daemon::device: Updating Music volume from 144 to 149 as a human moved the fader
17:04:57 [DEBUG] (4) goxlr_daemon::device: Updating Music volume from 149 to 154 as a human moved the fader
17:04:57 [DEBUG] (4) goxlr_daemon::device: Updating Music volume from 154 to 158 as a human moved the fader
17:04:57 [DEBUG] (4) goxlr_daemon::device: Updating Music volume from 158 to 162 as a human moved the fader
17:04:57 [DEBUG] (4) goxlr_daemon::device: Updating Music volume from 162 to 164 as a human moved the fader
17:04:57 [DEBUG] (4) goxlr_daemon::device: Updating Music volume from 164 to 166 as a human moved the fader
17:04:57 [DEBUG] (4) goxlr_daemon::device: Updating Music volume from 166 to 168 as a human moved the fader
17:04:57 [DEBUG] (4) goxlr_daemon::device: Updating Music volume from 168 to 170 as a human moved the fader
17:04:57 [DEBUG] (4) goxlr_daemon::device: Updating Music volume from 170 to 172 as a human moved the fader
17:04:57 [DEBUG] (4) goxlr_daemon::device: Updating Music volume from 172 to 174 as a human moved the fader
17:04:57 [DEBUG] (4) goxlr_daemon::device: Updating Music volume from 174 to 176 as a human moved the fader
17:04:57 [DEBUG] (4) goxlr_daemon::device: Updating Music volume from 176 to 180 as a human moved the fader
17:04:57 [DEBUG] (4) goxlr_daemon::device: Updating Music volume from 180 to 182 as a human moved the fader
17:04:57 [DEBUG] (4) goxlr_daemon::device: Updating Music volume from 182 to 186 as a human moved the fader
17:04:57 [DEBUG] (4) goxlr_daemon::device: Updating Music volume from 186 to 188 as a human moved the fader
17:04:57 [DEBUG] (4) goxlr_daemon::device: Updating Music volume from 188 to 192 as a human moved the fader
17:04:57 [DEBUG] (4) goxlr_daemon::device: Updating Music volume from 192 to 194 as a human moved the fader
17:04:57 [DEBUG] (4) goxlr_daemon::device: Updating Music volume from 194 to 196 as a human moved the fader
17:05:11 [DEBUG] (4) goxlr_daemon::device: Updating Music volume from 196 to 200 as a human moved the fader
17:05:11 [DEBUG] (4) goxlr_daemon::device: Updating Music volume from 200 to 212 as a human moved the fader
17:05:11 [DEBUG] (4) goxlr_daemon::device: Updating Music volume from 212 to 219 as a human moved the fader
17:05:11 [DEBUG] (4) goxlr_daemon::device: Updating Music volume from 219 to 228 as a human moved the fader
17:05:11 [DEBUG] (4) goxlr_daemon::device: Updating Music volume from 228 to 236 as a human moved the fader
17:05:11 [DEBUG] (4) goxlr_daemon::device: Updating Music volume from 236 to 243 as a human moved the fader
17:05:11 [DEBUG] (4) goxlr_daemon::device: Updating Music volume from 243 to 253 as a human moved the fader
17:05:11 [DEBUG] (4) goxlr_daemon::device: Updating Music volume from 253 to 255 as a human moved the fader
17:05:11 [DEBUG] (4) goxlr_daemon::device: Updating Music volume from 255 to 247 as a human moved the fader
17:05:11 [DEBUG] (4) goxlr_daemon::device: Updating Music volume from 247 to 240 as a human moved the fader
17:05:11 [DEBUG] (4) goxlr_daemon::device: Updating Music volume from 240 to 233 as a human moved the fader
17:05:11 [DEBUG] (4) goxlr_daemon::device: Updating Music volume from 233 to 225 as a human moved the fader
17:05:11 [DEBUG] (4) goxlr_daemon::device: Updating Music volume from 225 to 220 as a human moved the fader
17:05:11 [DEBUG] (4) goxlr_daemon::device: Updating Music volume from 220 to 213 as a human moved the fader
17:05:11 [DEBUG] (4) goxlr_daemon::device: Updating Music volume from 213 to 206 as a human moved the fader
17:05:11 [DEBUG] (4) goxlr_daemon::device: Updating Music volume from 206 to 200 as a human moved the fader
17:05:12 [DEBUG] (4) goxlr_daemon::device: Updating Music volume from 200 to 194 as a human moved the fader
17:05:12 [DEBUG] (4) goxlr_daemon::device: Updating Music volume from 194 to 189 as a human moved the fader
17:05:12 [DEBUG] (4) goxlr_daemon::device: Updating Music volume from 189 to 185 as a human moved the fader
17:05:12 [DEBUG] (4) goxlr_daemon::device: Updating Music volume from 185 to 181 as a human moved the fader
17:05:12 [DEBUG] (4) goxlr_daemon::device: Updating Music volume from 181 to 177 as a human moved the fader
17:05:12 [DEBUG] (4) goxlr_daemon::device: Updating Music volume from 177 to 175 as a human moved the fader
17:05:12 [DEBUG] (4) goxlr_daemon::device: Updating Music volume from 175 to 173 as a human moved the fader
17:05:12 [DEBUG] (4) goxlr_daemon::device: Updating Music volume from 173 to 171 as a human moved the fader
17:05:12 [DEBUG] (4) goxlr_daemon::device: Updating Music volume from 171 to 169 as a human moved the fader
17:05:12 [DEBUG] (4) goxlr_daemon::device: Updating Music volume from 169 to 165 as a human moved the fader
17:05:12 [DEBUG] (4) goxlr_daemon::device: Updating Music volume from 165 to 163 as a human moved the fader
17:05:12 [DEBUG] (4) goxlr_daemon::device: Updating Music volume from 163 to 161 as a human moved the fader
17:05:12 [DEBUG] (4) goxlr_daemon::device: Updating Music volume from 161 to 157 as a human moved the fader
17:05:12 [DEBUG] (4) goxlr_daemon::device: Updating Music volume from 157 to 155 as a human moved the fader
17:05:12 [DEBUG] (4) goxlr_daemon::device: Updating Music volume from 155 to 153 as a human moved the fader
17:05:12 [DEBUG] (4) goxlr_daemon::device: Updating Music volume from 153 to 151 as a human moved the fader
17:05:12 [DEBUG] (4) goxlr_daemon::device: Updating Music volume from 151 to 149 as a human moved the fader
17:05:12 [DEBUG] (4) goxlr_daemon::device: Updating Music volume from 149 to 147 as a human moved the fader
17:05:12 [DEBUG] (4) goxlr_daemon::device: Updating Music volume from 147 to 145 as a human moved the fader
17:05:12 [DEBUG] (4) goxlr_daemon::device: Updating Music volume from 145 to 149 as a human moved the fader
17:05:12 [DEBUG] (4) goxlr_daemon::device: Updating Music volume from 149 to 151 as a human moved the fader
17:05:12 [DEBUG] (4) goxlr_daemon::device: Updating Music volume from 151 to 153 as a human moved the fader
17:05:13 [DEBUG] (4) goxlr_daemon::device: Updating Music volume from 153 to 155 as a human moved the fader
17:05:13 [DEBUG] (4) goxlr_daemon::device: Updating Music volume from 155 to 157 as a human moved the fader
17:05:13 [DEBUG] (4) goxlr_daemon::device: Updating Music volume from 157 to 159 as a human moved the fader
17:05:13 [DEBUG] (4) goxlr_daemon::device: Updating Music volume from 159 to 161 as a human moved the fader
17:05:13 [DEBUG] (4) goxlr_daemon::device: Updating Music volume from 161 to 165 as a human moved the fader
17:05:13 [DEBUG] (4) goxlr_daemon::device: Updating Music volume from 165 to 167 as a human moved the fader
17:05:13 [DEBUG] (4) goxlr_daemon::device: Updating Music volume from 167 to 169 as a human moved the fader
17:05:13 [DEBUG] (4) goxlr_daemon::device: Updating Music volume from 169 to 171 as a human moved the fader
17:05:14 [DEBUG] (4) goxlr_daemon::device: Updating System volume from 205 to 125 as a human moved the fader
17:05:14 [DEBUG] (4) goxlr_daemon::device: Updating System volume from 125 to 119 as a human moved the fader
17:05:14 [DEBUG] (4) goxlr_daemon::device: Updating System volume from 119 to 113 as a human moved the fader
17:05:14 [DEBUG] (4) goxlr_daemon::device: Updating System volume from 113 to 107 as a human moved the fader
17:05:14 [DEBUG] (4) goxlr_daemon::device: Updating System volume from 107 to 102 as a human moved the fader
17:05:14 [DEBUG] (4) goxlr_daemon::device: Updating System volume from 102 to 98 as a human moved the fader
17:05:14 [DEBUG] (4) goxlr_daemon::device: Updating System volume from 98 to 94 as a human moved the fader
17:05:14 [DEBUG] (4) goxlr_daemon::device: Updating System volume from 94 to 92 as a human moved the fader
17:05:14 [DEBUG] (4) goxlr_daemon::device: Updating System volume from 92 to 88 as a human moved the fader
17:05:14 [DEBUG] (4) goxlr_daemon::device: Updating System volume from 88 to 86 as a human moved the fader
17:05:14 [DEBUG] (4) goxlr_daemon::device: Updating System volume from 86 to 88 as a human moved the fader
17:05:14 [DEBUG] (4) goxlr_daemon::device: Updating System volume from 88 to 92 as a human moved the fader
17:05:14 [DEBUG] (4) goxlr_daemon::device: Updating System volume from 92 to 96 as a human moved the fader
17:05:14 [DEBUG] (4) goxlr_daemon::device: Updating System volume from 96 to 103 as a human moved the fader
17:05:14 [DEBUG] (4) goxlr_daemon::device: Updating System volume from 103 to 110 as a human moved the fader
17:05:14 [DEBUG] (4) goxlr_daemon::device: Updating System volume from 110 to 119 as a human moved the fader
17:05:14 [DEBUG] (4) goxlr_daemon::device: Updating System volume from 119 to 131 as a human moved the fader
17:05:14 [DEBUG] (4) goxlr_daemon::device: Updating System volume from 131 to 145 as a human moved the fader
17:05:14 [DEBUG] (4) goxlr_daemon::device: Updating System volume from 145 to 155 as a human moved the fader
17:05:14 [DEBUG] (4) goxlr_daemon::device: Updating System volume from 155 to 168 as a human moved the fader
17:05:15 [DEBUG] (4) goxlr_daemon::device: Updating System volume from 168 to 176 as a human moved the fader
17:05:15 [DEBUG] (4) goxlr_daemon::device: Updating System volume from 176 to 185 as a human moved the fader
17:05:15 [DEBUG] (4) goxlr_daemon::device: Updating System volume from 185 to 192 as a human moved the fader
17:05:15 [DEBUG] (4) goxlr_daemon::device: Updating System volume from 192 to 198 as a human moved the fader
17:05:15 [DEBUG] (4) goxlr_daemon::device: Updating System volume from 198 to 203 as a human moved the fader
17:05:15 [DEBUG] (4) goxlr_daemon::device: Updating System volume from 203 to 208 as a human moved the fader
17:05:15 [DEBUG] (4) goxlr_daemon::device: Updating System volume from 208 to 212 as a human moved the fader
17:05:15 [DEBUG] (4) goxlr_daemon::device: Updating System volume from 212 to 214 as a human moved the fader
17:05:15 [DEBUG] (4) goxlr_daemon::device: Updating System volume from 214 to 216 as a human moved the fader
17:05:15 [DEBUG] (4) goxlr_daemon::device: Updating System volume from 216 to 218 as a human moved the fader
17:05:15 [DEBUG] (4) goxlr_daemon::device: Updating System volume from 218 to 222 as a human moved the fader
17:05:15 [DEBUG] (4) goxlr_daemon::device: Updating System volume from 222 to 224 as a human moved the fader
17:05:15 [DEBUG] (4) goxlr_daemon::device: Updating System volume from 224 to 228 as a human moved the fader
17:05:15 [DEBUG] (4) goxlr_daemon::device: Updating System volume from 228 to 232 as a human moved the fader
17:05:15 [DEBUG] (4) goxlr_daemon::device: Updating System volume from 232 to 236 as a human moved the fader
17:05:15 [DEBUG] (4) goxlr_daemon::device: Updating System volume from 236 to 240 as a human moved the fader
17:05:15 [DEBUG] (4) goxlr_daemon::device: Updating System volume from 240 to 244 as a human moved the fader
17:05:15 [DEBUG] (4) goxlr_daemon::device: Updating System volume from 244 to 246 as a human moved the fader
17:05:15 [DEBUG] (4) goxlr_daemon::device: Updating System volume from 246 to 248 as a human moved the fader
17:05:15 [DEBUG] (4) goxlr_daemon::device: Updating System volume from 248 to 250 as a human moved the fader
17:05:15 [DEBUG] (4) goxlr_daemon::device: Updating System volume from 250 to 248 as a human moved the fader
17:05:15 [DEBUG] (4) goxlr_daemon::device: Updating System volume from 248 to 243 as a human moved the fader
17:05:15 [DEBUG] (4) goxlr_daemon::device: Updating System volume from 243 to 233 as a human moved the fader
17:05:15 [DEBUG] (4) goxlr_daemon::device: Updating System volume from 233 to 221 as a human moved the fader
17:05:15 [DEBUG] (4) goxlr_daemon::device: Updating System volume from 221 to 207 as a human moved the fader
17:05:15 [DEBUG] (4) goxlr_daemon::device: Updating System volume from 207 to 191 as a human moved the fader
17:05:15 [DEBUG] (4) goxlr_daemon::device: Updating System volume from 191 to 176 as a human moved the fader
17:05:15 [DEBUG] (4) goxlr_daemon::device: Updating System volume from 176 to 160 as a human moved the fader
17:05:15 [DEBUG] (4) goxlr_daemon::device: Updating System volume from 160 to 145 as a human moved the fader
17:05:15 [DEBUG] (4) goxlr_daemon::device: Updating System volume from 145 to 131 as a human moved the fader
17:05:15 [DEBUG] (4) goxlr_daemon::device: Updating System volume from 131 to 117 as a human moved the fader
17:05:15 [DEBUG] (4) goxlr_daemon::device: Updating System volume from 117 to 105 as a human moved the fader
17:05:15 [DEBUG] (4) goxlr_daemon::device: Updating System volume from 105 to 95 as a human moved the fader
17:05:15 [DEBUG] (4) goxlr_daemon::device: Updating System volume from 95 to 87 as a human moved the fader
17:05:15 [DEBUG] (4) goxlr_daemon::device: Updating System volume from 87 to 82 as a human moved the fader
17:05:15 [DEBUG] (4) goxlr_daemon::device: Updating System volume from 82 to 80 as a human moved the fader
17:05:15 [DEBUG] (4) goxlr_daemon::device: Updating System volume from 80 to 85 as a human moved the fader
17:05:15 [DEBUG] (4) goxlr_daemon::device: Updating System volume from 85 to 94 as a human moved the fader
17:05:15 [DEBUG] (4) goxlr_daemon::device: Updating System volume from 94 to 103 as a human moved the fader
17:05:15 [DEBUG] (4) goxlr_daemon::device: Updating System volume from 103 to 116 as a human moved the fader
17:05:15 [DEBUG] (4) goxlr_daemon::device: Updating System volume from 116 to 131 as a human moved the fader
17:05:16 [DEBUG] (4) goxlr_daemon::device: Updating System volume from 131 to 145 as a human moved the fader
17:05:16 [DEBUG] (4) goxlr_daemon::device: Updating System volume from 145 to 156 as a human moved the fader
17:05:16 [DEBUG] (4) goxlr_daemon::device: Updating System volume from 156 to 167 as a human moved the fader
17:05:16 [DEBUG] (4) goxlr_daemon::device: Updating System volume from 167 to 178 as a human moved the fader
17:05:16 [DEBUG] (4) goxlr_daemon::device: Updating System volume from 178 to 188 as a human moved the fader
17:05:16 [DEBUG] (4) goxlr_daemon::device: Updating System volume from 188 to 197 as a human moved the fader
17:05:16 [DEBUG] (4) goxlr_daemon::device: Updating System volume from 197 to 206 as a human moved the fader
17:05:16 [DEBUG] (4) goxlr_daemon::device: Updating System volume from 206 to 213 as a human moved the fader
17:05:16 [DEBUG] (4) goxlr_daemon::device: Updating System volume from 213 to 219 as a human moved the fader
17:05:16 [DEBUG] (4) goxlr_daemon::device: Updating System volume from 219 to 224 as a human moved the fader
17:05:16 [DEBUG] (4) goxlr_daemon::device: Updating System volume from 224 to 226 as a human moved the fader
17:05:16 [DEBUG] (4) goxlr_daemon::device: Updating System volume from 226 to 228 as a human moved the fader
17:05:17 [DEBUG] (13) goxlr_daemon::device: Updating Chat volume from 182 to 177 as a human moved the fader
17:05:17 [DEBUG] (13) goxlr_daemon::device: Updating Chat volume from 177 to 171 as a human moved the fader
17:05:17 [DEBUG] (13) goxlr_daemon::device: Updating Chat volume from 171 to 166 as a human moved the fader
17:05:17 [DEBUG] (13) goxlr_daemon::device: Updating Chat volume from 166 to 160 as a human moved the fader
17:05:17 [DEBUG] (13) goxlr_daemon::device: Updating Chat volume from 160 to 154 as a human moved the fader
17:05:17 [DEBUG] (13) goxlr_daemon::device: Updating Chat volume from 154 to 148 as a human moved the fader
17:05:17 [DEBUG] (13) goxlr_daemon::device: Updating Chat volume from 148 to 141 as a human moved the fader
17:05:17 [DEBUG] (13) goxlr_daemon::device: Updating Chat volume from 141 to 132 as a human moved the fader
17:05:17 [DEBUG] (13) goxlr_daemon::device: Updating Chat volume from 132 to 121 as a human moved the fader
17:05:17 [DEBUG] (13) goxlr_daemon::device: Updating Chat volume from 121 to 111 as a human moved the fader
17:05:17 [DEBUG] (13) goxlr_daemon::device: Updating Chat volume from 111 to 104 as a human moved the fader
17:05:17 [DEBUG] (13) goxlr_daemon::device: Updating Chat volume from 104 to 100 as a human moved the fader
17:05:17 [DEBUG] (13) goxlr_daemon::device: Updating Chat volume from 100 to 98 as a human moved the fader
17:05:17 [DEBUG] (13) goxlr_daemon::device: Updating Chat volume from 98 to 96 as a human moved the fader
17:05:17 [DEBUG] (13) goxlr_daemon::device: Updating Chat volume from 96 to 98 as a human moved the fader
17:05:17 [DEBUG] (13) goxlr_daemon::device: Updating Chat volume from 98 to 102 as a human moved the fader
17:05:17 [DEBUG] (13) goxlr_daemon::device: Updating Chat volume from 102 to 106 as a human moved the fader
17:05:17 [DEBUG] (13) goxlr_daemon::device: Updating Chat volume from 106 to 112 as a human moved the fader
17:05:17 [DEBUG] (13) goxlr_daemon::device: Updating Chat volume from 112 to 117 as a human moved the fader
17:05:17 [DEBUG] (13) goxlr_daemon::device: Updating Chat volume from 117 to 123 as a human moved the fader
17:05:17 [DEBUG] (13) goxlr_daemon::device: Updating Chat volume from 123 to 129 as a human moved the fader
17:05:17 [DEBUG] (13) goxlr_daemon::device: Updating Chat volume from 129 to 135 as a human moved the fader
17:05:17 [DEBUG] (13) goxlr_daemon::device: Updating Chat volume from 135 to 142 as a human moved the fader
17:05:17 [DEBUG] (13) goxlr_daemon::device: Updating Chat volume from 142 to 149 as a human moved the fader
17:05:17 [DEBUG] (13) goxlr_daemon::device: Updating Chat volume from 149 to 153 as a human moved the fader
17:05:17 [DEBUG] (13) goxlr_daemon::device: Updating Chat volume from 153 to 157 as a human moved the fader
17:05:17 [DEBUG] (13) goxlr_daemon::device: Updating Chat volume from 157 to 159 as a human moved the fader
17:05:17 [DEBUG] (13) goxlr_daemon::device: Updating Chat volume from 159 to 163 as a human moved the fader
17:05:17 [DEBUG] (13) goxlr_daemon::device: Updating Chat volume from 163 to 165 as a human moved the fader
17:05:17 [DEBUG] (13) goxlr_daemon::device: Updating Chat volume from 165 to 169 as a human moved the fader
17:05:17 [DEBUG] (13) goxlr_daemon::device: Updating Chat volume from 169 to 171 as a human moved the fader
17:05:52 [DEBUG] (13) goxlr_daemon::profile: Setting Fader Style to: TwoColour
17:05:52 [DEBUG] (13) goxlr_daemon::profile: Setting Fader Style to: TwoColour
17:05:52 [DEBUG] (13) goxlr_daemon::profile: Setting Fader Style to: TwoColour
17:05:52 [DEBUG] (13) goxlr_daemon::profile: Setting Fader Style to: TwoColour
17:05:56 [DEBUG] (17) goxlr_daemon::profile: Setting Fader Style to: TwoColour
17:05:56 [DEBUG] (17) goxlr_daemon::profile: Setting Fader Style to: TwoColour
17:05:56 [DEBUG] (17) goxlr_daemon::profile: Setting Fader Style to: TwoColour
17:05:56 [DEBUG] (17) goxlr_daemon::profile: Setting Fader Style to: TwoColour
17:05:59 [DEBUG] (13) goxlr_daemon::profile: Setting Fader Style to: TwoColour
17:05:59 [DEBUG] (13) goxlr_daemon::profile: Setting Fader Style to: TwoColour
17:05:59 [DEBUG] (13) goxlr_daemon::profile: Setting Fader Style to: TwoColour
17:05:59 [DEBUG] (13) goxlr_daemon::profile: Setting Fader Style to: TwoColour
17:06:10 [DEBUG] (4) goxlr_daemon::device: Updating Chat volume from 171 to 167 as a human moved the fader
17:06:10 [DEBUG] (4) goxlr_daemon::device: Updating Chat volume from 167 to 162 as a human moved the fader
17:06:10 [DEBUG] (4) goxlr_daemon::device: Updating Chat volume from 162 to 158 as a human moved the fader
17:06:10 [DEBUG] (4) goxlr_daemon::device: Updating Chat volume from 158 to 156 as a human moved the fader
17:06:10 [DEBUG] (4) goxlr_daemon::device: Updating Chat volume from 156 to 152 as a human moved the fader
17:06:10 [DEBUG] (4) goxlr_daemon::device: Updating Chat volume from 152 to 148 as a human moved the fader
17:06:10 [DEBUG] (4) goxlr_daemon::device: Updating Chat volume from 148 to 144 as a human moved the fader
17:06:10 [DEBUG] (4) goxlr_daemon::device: Updating Chat volume from 144 to 140 as a human moved the fader
17:06:10 [DEBUG] (4) goxlr_daemon::device: Updating Chat volume from 140 to 136 as a human moved the fader
17:06:10 [DEBUG] (4) goxlr_daemon::device: Updating Chat volume from 136 to 132 as a human moved the fader
17:06:10 [DEBUG] (4) goxlr_daemon::device: Updating Chat volume from 132 to 127 as a human moved the fader
17:06:10 [DEBUG] (4) goxlr_daemon::device: Updating Chat volume from 127 to 123 as a human moved the fader
17:06:10 [DEBUG] (4) goxlr_daemon::device: Updating Chat volume from 123 to 118 as a human moved the fader
17:06:10 [DEBUG] (4) goxlr_daemon::device: Updating Chat volume from 118 to 114 as a human moved the fader
17:06:10 [DEBUG] (4) goxlr_daemon::device: Updating Chat volume from 114 to 109 as a human moved the fader
17:06:10 [DEBUG] (4) goxlr_daemon::device: Updating Chat volume from 109 to 105 as a human moved the fader
17:06:10 [DEBUG] (4) goxlr_daemon::device: Updating Chat volume from 105 to 101 as a human moved the fader
17:06:10 [DEBUG] (4) goxlr_daemon::device: Updating Chat volume from 101 to 97 as a human moved the fader
17:06:10 [DEBUG] (4) goxlr_daemon::device: Updating Chat volume from 97 to 93 as a human moved the fader
17:06:10 [DEBUG] (4) goxlr_daemon::device: Updating Chat volume from 93 to 89 as a human moved the fader
17:06:10 [DEBUG] (4) goxlr_daemon::device: Updating Chat volume from 89 to 87 as a human moved the fader
17:06:10 [DEBUG] (4) goxlr_daemon::device: Updating Chat volume from 87 to 89 as a human moved the fader
17:06:10 [DEBUG] (4) goxlr_daemon::device: Updating Chat volume from 89 to 93 as a human moved the fader
17:06:10 [DEBUG] (4) goxlr_daemon::device: Updating Chat volume from 93 to 98 as a human moved the fader
17:06:10 [DEBUG] (4) goxlr_daemon::device: Updating Chat volume from 98 to 106 as a human moved the fader
17:06:10 [DEBUG] (4) goxlr_daemon::device: Updating Chat volume from 106 to 114 as a human moved the fader
17:06:10 [DEBUG] (4) goxlr_daemon::device: Updating Chat volume from 114 to 123 as a human moved the fader
17:06:10 [DEBUG] (4) goxlr_daemon::device: Updating Chat volume from 123 to 133 as a human moved the fader
17:06:10 [DEBUG] (4) goxlr_daemon::device: Updating Chat volume from 133 to 144 as a human moved the fader
17:06:10 [DEBUG] (4) goxlr_daemon::device: Updating Chat volume from 144 to 153 as a human moved the fader
17:06:10 [DEBUG] (4) goxlr_daemon::device: Updating Chat volume from 153 to 161 as a human moved the fader
17:06:11 [DEBUG] (4) goxlr_daemon::device: Updating Chat volume from 161 to 170 as a human moved the fader
17:06:11 [DEBUG] (4) goxlr_daemon::device: Updating Chat volume from 170 to 176 as a human moved the fader
17:06:11 [DEBUG] (4) goxlr_daemon::device: Updating Chat volume from 176 to 182 as a human moved the fader
17:06:11 [DEBUG] (4) goxlr_daemon::device: Updating Chat volume from 182 to 188 as a human moved the fader
17:06:11 [DEBUG] (4) goxlr_daemon::device: Updating Chat volume from 188 to 194 as a human moved the fader
17:06:11 [DEBUG] (4) goxlr_daemon::device: Updating Chat volume from 194 to 198 as a human moved the fader
17:06:11 [DEBUG] (4) goxlr_daemon::device: Updating Chat volume from 198 to 200 as a human moved the fader
17:06:11 [DEBUG] (4) goxlr_daemon::device: Updating Chat volume from 200 to 202 as a human moved the fader
17:06:11 [DEBUG] (4) goxlr_daemon::device: Updating Chat volume from 202 to 200 as a human moved the fader
17:06:11 [DEBUG] (4) goxlr_daemon::device: Updating Chat volume from 200 to 196 as a human moved the fader
17:06:11 [DEBUG] (4) goxlr_daemon::device: Updating Chat volume from 196 to 191 as a human moved the fader
17:06:11 [DEBUG] (4) goxlr_daemon::device: Updating Chat volume from 191 to 185 as a human moved the fader
17:06:11 [DEBUG] (4) goxlr_daemon::device: Updating Chat volume from 185 to 178 as a human moved the fader
17:06:11 [DEBUG] (4) goxlr_daemon::device: Updating Chat volume from 178 to 170 as a human moved the fader
17:06:11 [DEBUG] (4) goxlr_daemon::device: Updating Chat volume from 170 to 165 as a human moved the fader
17:06:11 [DEBUG] (4) goxlr_daemon::device: Updating Chat volume from 165 to 158 as a human moved the fader
17:06:11 [DEBUG] (4) goxlr_daemon::device: Updating Chat volume from 158 to 151 as a human moved the fader
17:06:11 [DEBUG] (4) goxlr_daemon::device: Updating Chat volume from 151 to 142 as a human moved the fader
17:06:11 [DEBUG] (4) goxlr_daemon::device: Updating Chat volume from 142 to 131 as a human moved the fader
17:06:11 [DEBUG] (4) goxlr_daemon::device: Updating Chat volume from 131 to 123 as a human moved the fader
17:06:11 [DEBUG] (4) goxlr_daemon::device: Updating Chat volume from 123 to 113 as a human moved the fader
17:06:11 [DEBUG] (4) goxlr_daemon::device: Updating Chat volume from 113 to 105 as a human moved the fader
17:06:11 [DEBUG] (4) goxlr_daemon::device: Updating Chat volume from 105 to 97 as a human moved the fader
17:06:11 [DEBUG] (4) goxlr_daemon::device: Updating Chat volume from 97 to 89 as a human moved the fader
17:06:11 [DEBUG] (4) goxlr_daemon::device: Updating Chat volume from 89 to 79 as a human moved the fader
17:06:11 [DEBUG] (4) goxlr_daemon::device: Updating Chat volume from 79 to 73 as a human moved the fader
17:06:11 [DEBUG] (4) goxlr_daemon::device: Updating Chat volume from 73 to 68 as a human moved the fader
17:06:11 [DEBUG] (4) goxlr_daemon::device: Updating Chat volume from 68 to 62 as a human moved the fader
17:06:11 [DEBUG] (4) goxlr_daemon::device: Updating Chat volume from 62 to 57 as a human moved the fader
17:06:11 [DEBUG] (4) goxlr_daemon::device: Updating Chat volume from 57 to 52 as a human moved the fader
17:06:11 [DEBUG] (4) goxlr_daemon::device: Updating Chat volume from 52 to 48 as a human moved the fader
17:06:11 [DEBUG] (4) goxlr_daemon::device: Updating Chat volume from 48 to 46 as a human moved the fader
17:06:11 [DEBUG] (4) goxlr_daemon::device: Updating Chat volume from 46 to 44 as a human moved the fader
17:06:11 [DEBUG] (4) goxlr_daemon::device: Updating Chat volume from 44 to 48 as a human moved the fader
17:06:11 [DEBUG] (4) goxlr_daemon::device: Updating Chat volume from 48 to 57 as a human moved the fader
17:06:11 [DEBUG] (4) goxlr_daemon::device: Updating Chat volume from 57 to 65 as a human moved the fader
17:06:11 [DEBUG] (4) goxlr_daemon::device: Updating Chat volume from 65 to 73 as a human moved the fader
17:06:11 [DEBUG] (4) goxlr_daemon::device: Updating Chat volume from 73 to 83 as a human moved the fader
17:06:11 [DEBUG] (4) goxlr_daemon::device: Updating Chat volume from 83 to 93 as a human moved the fader
17:06:11 [DEBUG] (4) goxlr_daemon::device: Updating Chat volume from 93 to 103 as a human moved the fader
17:06:11 [DEBUG] (4) goxlr_daemon::device: Updating Chat volume from 103 to 111 as a human moved the fader
17:06:11 [DEBUG] (4) goxlr_daemon::device: Updating Chat volume from 111 to 117 as a human moved the fader
17:06:12 [DEBUG] (4) goxlr_daemon::device: Updating Chat volume from 117 to 122 as a human moved the fader
17:06:12 [DEBUG] (4) goxlr_daemon::device: Updating Chat volume from 122 to 126 as a human moved the fader
17:06:12 [DEBUG] (4) goxlr_daemon::device: Updating Chat volume from 126 to 128 as a human moved the fader
17:06:12 [DEBUG] (4) goxlr_daemon::device: Updating Chat volume from 128 to 132 as a human moved the fader
17:06:12 [DEBUG] (4) goxlr_daemon::device: Updating Chat volume from 132 to 136 as a human moved the fader
17:06:12 [DEBUG] (4) goxlr_daemon::device: Updating Chat volume from 136 to 138 as a human moved the fader
17:06:12 [DEBUG] (4) goxlr_daemon::device: Updating Chat volume from 138 to 140 as a human moved the fader
17:06:12 [DEBUG] (4) goxlr_daemon::device: Updating Chat volume from 140 to 142 as a human moved the fader
17:06:12 [DEBUG] (4) goxlr_daemon::device: Updating Music volume from 171 to 167 as a human moved the fader
17:06:12 [DEBUG] (4) goxlr_daemon::device: Updating Music volume from 167 to 165 as a human moved the fader
17:06:12 [DEBUG] (4) goxlr_daemon::device: Updating Music volume from 165 to 161 as a human moved the fader
17:06:12 [DEBUG] (4) goxlr_daemon::device: Updating Music volume from 161 to 156 as a human moved the fader
17:06:12 [DEBUG] (4) goxlr_daemon::device: Updating Music volume from 156 to 150 as a human moved the fader
17:06:12 [DEBUG] (4) goxlr_daemon::device: Updating Music volume from 150 to 144 as a human moved the fader
17:06:12 [DEBUG] (4) goxlr_daemon::device: Updating Music volume from 144 to 139 as a human moved the fader
17:06:12 [DEBUG] (4) goxlr_daemon::device: Updating Music volume from 139 to 133 as a human moved the fader
17:06:12 [DEBUG] (4) goxlr_daemon::device: Updating Music volume from 133 to 128 as a human moved the fader
17:06:12 [DEBUG] (4) goxlr_daemon::device: Updating Music volume from 128 to 123 as a human moved the fader
17:06:12 [DEBUG] (4) goxlr_daemon::device: Updating Music volume from 123 to 119 as a human moved the fader
17:06:12 [DEBUG] (4) goxlr_daemon::device: Updating Music volume from 119 to 115 as a human moved the fader
17:06:12 [DEBUG] (4) goxlr_daemon::device: Updating Music volume from 115 to 111 as a human moved the fader
17:06:12 [DEBUG] (4) goxlr_daemon::device: Updating Music volume from 111 to 109 as a human moved the fader
17:06:12 [DEBUG] (4) goxlr_daemon::device: Updating Music volume from 109 to 107 as a human moved the fader
17:06:12 [DEBUG] (4) goxlr_daemon::device: Updating Music volume from 107 to 105 as a human moved the fader
17:06:12 [DEBUG] (4) goxlr_daemon::device: Updating Music volume from 105 to 103 as a human moved the fader
17:06:12 [DEBUG] (4) goxlr_daemon::device: Updating Music volume from 103 to 101 as a human moved the fader
17:06:12 [DEBUG] (4) goxlr_daemon::device: Updating Music volume from 101 to 99 as a human moved the fader
17:06:12 [DEBUG] (4) goxlr_daemon::device: Updating Music volume from 99 to 97 as a human moved the fader
17:06:13 [DEBUG] (4) goxlr_daemon::device: Updating Music volume from 97 to 99 as a human moved the fader
17:06:13 [DEBUG] (4) goxlr_daemon::device: Updating Music volume from 99 to 101 as a human moved the fader
17:06:13 [DEBUG] (4) goxlr_daemon::device: Updating Music volume from 101 to 103 as a human moved the fader
17:06:13 [DEBUG] (4) goxlr_daemon::device: Updating Music volume from 103 to 105 as a human moved the fader
17:06:13 [DEBUG] (4) goxlr_daemon::device: Updating Music volume from 105 to 109 as a human moved the fader
17:06:13 [DEBUG] (4) goxlr_daemon::device: Updating Music volume from 109 to 115 as a human moved the fader
17:06:13 [DEBUG] (4) goxlr_daemon::device: Updating Music volume from 115 to 119 as a human moved the fader
17:06:13 [DEBUG] (4) goxlr_daemon::device: Updating Music volume from 119 to 125 as a human moved the fader
17:06:13 [DEBUG] (4) goxlr_daemon::device: Updating Music volume from 125 to 131 as a human moved the fader
17:06:13 [DEBUG] (4) goxlr_daemon::device: Updating Music volume from 131 to 137 as a human moved the fader
17:06:13 [DEBUG] (4) goxlr_daemon::device: Updating Music volume from 137 to 144 as a human moved the fader
17:06:13 [DEBUG] (4) goxlr_daemon::device: Updating Music volume from 144 to 152 as a human moved the fader
17:06:13 [DEBUG] (4) goxlr_daemon::device: Updating Music volume from 152 to 158 as a human moved the fader
17:06:13 [DEBUG] (4) goxlr_daemon::device: Updating Music volume from 158 to 164 as a human moved the fader
17:06:13 [DEBUG] (4) goxlr_daemon::device: Updating Music volume from 164 to 170 as a human moved the fader
17:06:13 [DEBUG] (4) goxlr_daemon::device: Updating Music volume from 170 to 176 as a human moved the fader
17:06:13 [DEBUG] (4) goxlr_daemon::device: Updating Music volume from 176 to 182 as a human moved the fader
17:06:13 [DEBUG] (4) goxlr_daemon::device: Updating Music volume from 182 to 189 as a human moved the fader
17:06:13 [DEBUG] (4) goxlr_daemon::device: Updating Music volume from 189 to 195 as a human moved the fader
17:06:13 [DEBUG] (4) goxlr_daemon::device: Updating Music volume from 195 to 202 as a human moved the fader
17:06:13 [DEBUG] (4) goxlr_daemon::device: Updating Music volume from 202 to 208 as a human moved the fader
17:06:13 [DEBUG] (4) goxlr_daemon::device: Updating Music volume from 208 to 214 as a human moved the fader
17:06:13 [DEBUG] (4) goxlr_daemon::device: Updating Music volume from 214 to 219 as a human moved the fader
17:06:13 [DEBUG] (4) goxlr_daemon::device: Updating Music volume from 219 to 224 as a human moved the fader
17:06:13 [DEBUG] (4) goxlr_daemon::device: Updating Music volume from 224 to 226 as a human moved the fader
17:06:13 [DEBUG] (4) goxlr_daemon::device: Updating Music volume from 226 to 228 as a human moved the fader
17:06:13 [DEBUG] (4) goxlr_daemon::device: Updating Music volume from 228 to 230 as a human moved the fader
17:06:14 [DEBUG] (4) goxlr_daemon::device: Updating Music volume from 230 to 226 as a human moved the fader
17:06:14 [DEBUG] (4) goxlr_daemon::device: Updating Music volume from 226 to 224 as a human moved the fader
17:06:14 [DEBUG] (4) goxlr_daemon::device: Updating Music volume from 224 to 222 as a human moved the fader
17:06:14 [DEBUG] (4) goxlr_daemon::device: Updating Music volume from 222 to 220 as a human moved the fader
17:06:14 [DEBUG] (4) goxlr_daemon::device: Updating Music volume from 220 to 218 as a human moved the fader
17:06:14 [DEBUG] (4) goxlr_daemon::device: Updating Music volume from 218 to 216 as a human moved the fader
17:06:14 [DEBUG] (4) goxlr_daemon::device: Updating Music volume from 216 to 214 as a human moved the fader
17:06:14 [DEBUG] (4) goxlr_daemon::device: Updating Music volume from 214 to 212 as a human moved the fader
17:06:14 [DEBUG] (4) goxlr_daemon::device: Updating Music volume from 212 to 210 as a human moved the fader
17:06:15 [DEBUG] (4) goxlr_daemon::device: Updating Music volume from 210 to 206 as a human moved the fader
17:06:15 [DEBUG] (4) goxlr_daemon::device: Updating Music volume from 206 to 204 as a human moved the fader
17:06:15 [DEBUG] (4) goxlr_daemon::device: Updating Music volume from 204 to 202 as a human moved the fader
17:06:15 [DEBUG] (4) goxlr_daemon::device: Updating Music volume from 202 to 198 as a human moved the fader
17:06:15 [DEBUG] (4) goxlr_daemon::device: Updating Music volume from 198 to 196 as a human moved the fader
17:06:15 [DEBUG] (4) goxlr_daemon::device: Updating Music volume from 196 to 191 as a human moved the fader
17:06:15 [DEBUG] (4) goxlr_daemon::device: Updating Music volume from 191 to 186 as a human moved the fader
17:06:15 [DEBUG] (4) goxlr_daemon::device: Updating Music volume from 186 to 182 as a human moved the fader
17:06:15 [DEBUG] (4) goxlr_daemon::device: Updating Music volume from 182 to 178 as a human moved the fader
17:06:15 [DEBUG] (4) goxlr_daemon::device: Updating Music volume from 178 to 172 as a human moved the fader
17:06:15 [DEBUG] (4) goxlr_daemon::device: Updating Music volume from 172 to 165 as a human moved the fader
17:06:15 [DEBUG] (4) goxlr_daemon::device: Updating Music volume from 165 to 159 as a human moved the fader
17:06:15 [DEBUG] (4) goxlr_daemon::device: Updating Music volume from 159 to 154 as a human moved the fader
17:06:15 [DEBUG] (4) goxlr_daemon::device: Updating Music volume from 154 to 147 as a human moved the fader
17:06:15 [DEBUG] (4) goxlr_daemon::device: Updating Music volume from 147 to 142 as a human moved the fader
17:06:15 [DEBUG] (4) goxlr_daemon::device: Updating Music volume from 142 to 135 as a human moved the fader
17:06:15 [DEBUG] (4) goxlr_daemon::device: Updating Music volume from 135 to 130 as a human moved the fader
17:06:15 [DEBUG] (4) goxlr_daemon::device: Updating Music volume from 130 to 123 as a human moved the fader
17:06:15 [DEBUG] (4) goxlr_daemon::device: Updating Music volume from 123 to 119 as a human moved the fader
17:06:15 [DEBUG] (4) goxlr_daemon::device: Updating Music volume from 119 to 115 as a human moved the fader
17:06:15 [DEBUG] (4) goxlr_daemon::device: Updating Music volume from 115 to 111 as a human moved the fader
17:06:15 [DEBUG] (4) goxlr_daemon::device: Updating Music volume from 111 to 107 as a human moved the fader
17:06:15 [DEBUG] (4) goxlr_daemon::device: Updating Music volume from 107 to 105 as a human moved the fader
17:06:15 [DEBUG] (4) goxlr_daemon::device: Updating Music volume from 105 to 101 as a human moved the fader
17:06:15 [DEBUG] (4) goxlr_daemon::device: Updating Music volume from 101 to 99 as a human moved the fader
17:06:15 [DEBUG] (4) goxlr_daemon::device: Updating Music volume from 99 to 97 as a human moved the fader
17:06:15 [DEBUG] (4) goxlr_daemon::device: Updating Music volume from 97 to 95 as a human moved the fader
17:06:15 [DEBUG] (4) goxlr_daemon::device: Updating Music volume from 95 to 93 as a human moved the fader
17:06:15 [DEBUG] (4) goxlr_daemon::device: Updating Music volume from 93 to 91 as a human moved the fader
17:06:15 [DEBUG] (4) goxlr_daemon::device: Updating Music volume from 91 to 87 as a human moved the fader
17:06:15 [DEBUG] (4) goxlr_daemon::device: Updating Music volume from 87 to 85 as a human moved the fader
17:06:15 [DEBUG] (4) goxlr_daemon::device: Updating Music volume from 85 to 83 as a human moved the fader
17:06:16 [DEBUG] (4) goxlr_daemon::device: Updating Music volume from 83 to 87 as a human moved the fader
17:06:16 [DEBUG] (4) goxlr_daemon::device: Updating Music volume from 87 to 89 as a human moved the fader
17:06:16 [DEBUG] (4) goxlr_daemon::device: Updating Music volume from 89 to 91 as a human moved the fader
17:06:16 [DEBUG] (4) goxlr_daemon::device: Updating Music volume from 91 to 96 as a human moved the fader
17:06:16 [DEBUG] (4) goxlr_daemon::device: Updating Music volume from 96 to 102 as a human moved the fader
17:06:16 [DEBUG] (4) goxlr_daemon::device: Updating Music volume from 102 to 108 as a human moved the fader
17:06:16 [DEBUG] (4) goxlr_daemon::device: Updating Music volume from 108 to 112 as a human moved the fader
17:06:16 [DEBUG] (4) goxlr_daemon::device: Updating Music volume from 112 to 114 as a human moved the fader
17:06:21 [DEBUG] (17) goxlr_daemon::device: Updating Mic volume from 195 to 202 as a human moved the fader
17:06:21 [DEBUG] (17) goxlr_daemon::device: Updating Mic volume from 202 to 204 as a human moved the fader
17:06:21 [DEBUG] (17) goxlr_daemon::device: Updating Mic volume from 204 to 206 as a human moved the fader
17:06:21 [DEBUG] (17) goxlr_daemon::device: Updating Mic volume from 206 to 210 as a human moved the fader
17:06:21 [DEBUG] (17) goxlr_daemon::device: Updating Mic volume from 210 to 215 as a human moved the fader
17:06:21 [DEBUG] (17) goxlr_daemon::device: Updating Mic volume from 215 to 219 as a human moved the fader
17:06:21 [DEBUG] (17) goxlr_daemon::device: Updating Mic volume from 219 to 223 as a human moved the fader
17:06:21 [DEBUG] (17) goxlr_daemon::device: Updating Mic volume from 223 to 225 as a human moved the fader
17:06:21 [DEBUG] (17) goxlr_daemon::device: Updating Mic volume from 225 to 230 as a human moved the fader
17:06:21 [DEBUG] (17) goxlr_daemon::device: Updating Mic volume from 230 to 232 as a human moved the fader
17:06:21 [DEBUG] (17) goxlr_daemon::device: Updating Mic volume from 232 to 236 as a human moved the fader
17:06:22 [DEBUG] (17) goxlr_daemon::device: Updating Mic volume from 236 to 238 as a human moved the fader
17:06:22 [DEBUG] (17) goxlr_daemon::device: Updating Mic volume from 238 to 242 as a human moved the fader
17:06:22 [DEBUG] (17) goxlr_daemon::device: Updating Mic volume from 242 to 244 as a human moved the fader
17:06:22 [DEBUG] (17) goxlr_daemon::device: Updating Mic volume from 244 to 246 as a human moved the fader
17:06:22 [DEBUG] (17) goxlr_daemon::device: Updating Mic volume from 246 to 244 as a human moved the fader
17:06:22 [DEBUG] (17) goxlr_daemon::device: Updating Mic volume from 244 to 242 as a human moved the fader
17:06:22 [DEBUG] (17) goxlr_daemon::device: Updating Mic volume from 242 to 240 as a human moved the fader
17:06:22 [DEBUG] (17) goxlr_daemon::device: Updating Mic volume from 240 to 235 as a human moved the fader
17:06:22 [DEBUG] (17) goxlr_daemon::device: Updating Mic volume from 235 to 228 as a human moved the fader
17:06:22 [DEBUG] (17) goxlr_daemon::device: Updating Mic volume from 228 to 224 as a human moved the fader
17:06:22 [DEBUG] (17) goxlr_daemon::device: Updating Mic volume from 224 to 219 as a human moved the fader
17:06:22 [DEBUG] (17) goxlr_daemon::device: Updating Mic volume from 219 to 217 as a human moved the fader
17:06:22 [DEBUG] (17) goxlr_daemon::device: Updating Mic volume from 217 to 215 as a human moved the fader
17:06:22 [DEBUG] (17) goxlr_daemon::device: Updating Mic volume from 215 to 213 as a human moved the fader
17:06:22 [DEBUG] (17) goxlr_daemon::device: Updating Mic volume from 213 to 211 as a human moved the fader
17:06:22 [DEBUG] (17) goxlr_daemon::device: Updating Mic volume from 211 to 209 as a human moved the fader
17:06:22 [DEBUG] (17) goxlr_daemon::device: Updating Mic volume from 209 to 207 as a human moved the fader
17:06:22 [DEBUG] (17) goxlr_daemon::device: Updating Mic volume from 207 to 205 as a human moved the fader
17:06:53 [DEBUG] (17) goxlr_daemon::device: Setting Mix volume for MicMonitor to 254
17:06:53 [DEBUG] (4) goxlr_daemon::device: Setting Mix volume for MicMonitor to 247
17:06:53 [DEBUG] (17) goxlr_daemon::device: Setting Mix volume for MicMonitor to 240
17:06:53 [DEBUG] (4) goxlr_daemon::device: Setting Mix volume for MicMonitor to 227
17:06:54 [DEBUG] (17) goxlr_daemon::device: Setting Mix volume for MicMonitor to 218
17:06:54 [DEBUG] (4) goxlr_daemon::device: Setting Mix volume for MicMonitor to 202
17:06:54 [DEBUG] (4) goxlr_daemon::device: Setting Mix volume for MicMonitor to 193
17:06:54 [DEBUG] (17) goxlr_daemon::device: Setting Mix volume for MicMonitor to 182
17:06:54 [DEBUG] (17) goxlr_daemon::device: Setting Mix volume for MicMonitor to 176
17:06:54 [DEBUG] (4) goxlr_daemon::device: Setting Mix volume for MicMonitor to 171
17:06:54 [DEBUG] (4) goxlr_daemon::device: Setting Mix volume for MicMonitor to 169
17:06:54 [DEBUG] (17) goxlr_daemon::device: Setting Mix volume for MicMonitor to 164
17:06:54 [DEBUG] (4) goxlr_daemon::device: Setting Mix volume for MicMonitor to 158
17:06:54 [DEBUG] (17) goxlr_daemon::device: Setting Mix volume for MicMonitor to 149
17:06:54 [DEBUG] (17) goxlr_daemon::device: Setting Mix volume for MicMonitor to 147
17:06:54 [DEBUG] (4) goxlr_daemon::device: Setting Mix volume for MicMonitor to 140
17:06:54 [DEBUG] (4) goxlr_daemon::device: Setting Mix volume for MicMonitor to 133
17:06:55 [DEBUG] (17) goxlr_daemon::device: Setting Mix volume for MicMonitor to 135
17:06:55 [DEBUG] (4) goxlr_daemon::device: Setting Mix volume for MicMonitor to 142
17:06:55 [DEBUG] (4) goxlr_daemon::device: Setting Mix volume for MicMonitor to 144
17:06:55 [DEBUG] (17) goxlr_daemon::device: Setting Mix volume for MicMonitor to 147
17:06:56 [DEBUG] (4) goxlr_daemon::device: Setting Mix volume for MicMonitor to 149
17:06:56 [DEBUG] (17) goxlr_daemon::device: Setting Mix volume for MicMonitor to 155
17:06:56 [DEBUG] (17) goxlr_daemon::device: Setting Mix volume for MicMonitor to 162
17:06:56 [DEBUG] (4) goxlr_daemon::device: Setting Mix volume for MicMonitor to 167
17:06:56 [DEBUG] (17) goxlr_daemon::device: Setting Mix volume for MicMonitor to 173
17:06:56 [DEBUG] (4) goxlr_daemon::device: Setting Mix volume for MicMonitor to 176
17:06:58 [DEBUG] (17) goxlr_daemon::device: Setting Mix volume for MicMonitor to 176
17:07:03 [DEBUG] (4) goxlr_daemon::device: Setting Mix volume for MicMonitor to 176
17:07:15 [DEBUG] (4) goxlr_daemon::device: Setting Mix volume for MicMonitor to 176
17:07:30 [DEBUG] (4) goxlr_profile_loader::profile: Creating Temporary Save File: "/home/mahiru/.local/share/goxlr-utility/profiles/Default.tmp"
17:07:30 [DEBUG] (4) goxlr_profile_loader::profile: Save Complete and synced, renaming to "/home/mahiru/.local/share/goxlr-utility/profiles/Default.goxlr"
17:07:30 [DEBUG] (4) goxlr_profile_loader::profile: Target profile exists, removing..
17:07:30 [DEBUG] (4) goxlr_profile_loader::profile: Renaming "/home/mahiru/.local/share/goxlr-utility/profiles/Default.tmp" to "/home/mahiru/.local/share/goxlr-utility/profiles/Default.goxlr"
17:07:32 [DEBUG] (17) goxlr_profile_loader::mic_profile: Creating Temporary Save File: "/home/mahiru/.local/share/goxlr-utility/mic-profiles/DEFAULT.tmp"
17:07:32 [DEBUG] (17) goxlr_profile_loader::mic_profile: Save Complete and synced, renaming to "/home/mahiru/.local/share/goxlr-utility/mic-profiles/DEFAULT.goxlrMicProfile"
17:07:32 [DEBUG] (17) goxlr_profile_loader::mic_profile: Target mic profile exists, removing..
17:07:32 [DEBUG] (17) goxlr_profile_loader::mic_profile: Renaming "/home/mahiru/.local/share/goxlr-utility/mic-profiles/DEFAULT.tmp" to "/home/mahiru/.local/share/goxlr-utility/mic-profiles/DEFAULT.goxlrMicProfile"
17:07:36 [DEBUG] (13) goxlr_daemon::device: Updating Music volume from 114 to 119 as a human moved the fader
17:07:36 [DEBUG] (13) goxlr_daemon::device: Updating Music volume from 119 to 121 as a human moved the fader
17:07:36 [DEBUG] (13) goxlr_daemon::device: Updating Music volume from 121 to 123 as a human moved the fader
17:07:36 [DEBUG] (13) goxlr_daemon::device: Updating Music volume from 123 to 127 as a human moved the fader
17:07:36 [DEBUG] (13) goxlr_daemon::device: Updating Music volume from 127 to 131 as a human moved the fader
17:07:36 [DEBUG] (13) goxlr_daemon::device: Updating Music volume from 131 to 135 as a human moved the fader
17:07:36 [DEBUG] (13) goxlr_daemon::device: Updating Music volume from 135 to 137 as a human moved the fader
17:07:36 [DEBUG] (13) goxlr_daemon::device: Updating Music volume from 137 to 141 as a human moved the fader
17:07:36 [DEBUG] (13) goxlr_daemon::device: Updating Music volume from 141 to 143 as a human moved the fader
17:07:36 [DEBUG] (13) goxlr_daemon::device: Updating Music volume from 143 to 147 as a human moved the fader
17:07:36 [DEBUG] (13) goxlr_daemon::device: Updating Music volume from 147 to 149 as a human moved the fader
17:07:36 [DEBUG] (13) goxlr_daemon::device: Updating Music volume from 149 to 151 as a human moved the fader
17:07:36 [DEBUG] (13) goxlr_daemon::device: Updating Music volume from 151 to 153 as a human moved the fader
17:07:36 [DEBUG] (13) goxlr_daemon::device: Updating Music volume from 153 to 155 as a human moved the fader
17:07:36 [DEBUG] (13) goxlr_daemon::device: Updating Music volume from 155 to 157 as a human moved the fader
17:08:10 [DEBUG] (13) goxlr_daemon::device: Handling Button Down: Fader1Mute
17:08:11 [DEBUG] (17) goxlr_daemon::device: Handling Button Release: Fader1Mute, Has Long Press Handled: false
17:08:11 [DEBUG] (17) goxlr_daemon::device: IsStreamNoMusic: false
17:08:11 [DEBUG] (17) goxlr_daemon::device: Applying Routing to Microphone:
17:08:11 [DEBUG] (17) goxlr_daemon::tts: Received TTS Message: Mic Muted
17:08:13 [DEBUG] (13) goxlr_daemon::device: Handling Button Down: Fader1Mute
17:08:13 [DEBUG] (13) goxlr_daemon::device: Handling Button Release: Fader1Mute, Has Long Press Handled: false
17:08:13 [DEBUG] (13) goxlr_daemon::device: Setting MicInputMute to 0
17:08:13 [DEBUG] (13) goxlr_daemon::device: IsStreamNoMusic: false
17:08:13 [DEBUG] (13) goxlr_daemon::device: Applying Routing to Microphone:
17:08:13 [DEBUG] (13) goxlr_daemon::tts: Received TTS Message: Mic unmuted
17:08:52 [DEBUG] (13) goxlr_daemon::device: Handling Button Down: Fader1Mute
17:08:52 [DEBUG] (13) goxlr_daemon::device: Handling Button Hold: Fader1Mute
17:08:52 [DEBUG] (13) goxlr_daemon::device: IsStreamNoMusic: false
17:08:52 [DEBUG] (13) goxlr_daemon::device: Applying Routing to Microphone:
17:08:52 [DEBUG] (13) goxlr_daemon::tts: Received TTS Message: Mic Muted
17:08:54 [DEBUG] (4) goxlr_daemon::device: Handling Button Release: Fader1Mute, Has Long Press Handled: true
17:08:58 [DEBUG] (13) goxlr_daemon::device: Handling Button Down: Fader1Mute
17:08:58 [DEBUG] (13) goxlr_daemon::device: Handling Button Release: Fader1Mute, Has Long Press Handled: false
17:08:58 [DEBUG] (13) goxlr_daemon::device: Setting MicInputMute to 0
17:08:58 [DEBUG] (13) goxlr_daemon::device: IsStreamNoMusic: false
17:08:58 [DEBUG] (13) goxlr_daemon::device: Applying Routing to Microphone:
17:08:58 [DEBUG] (13) goxlr_daemon::tts: Received TTS Message: Mic unmuted
17:09:00 [DEBUG] (4) goxlr_daemon::device: Handling Button Down: Fader1Mute
17:09:00 [DEBUG] (4) goxlr_daemon::device: Handling Button Release: Fader1Mute, Has Long Press Handled: false
17:09:00 [DEBUG] (4) goxlr_daemon::device: IsStreamNoMusic: false
17:09:00 [DEBUG] (4) goxlr_daemon::device: Applying Routing to Microphone:
17:09:00 [DEBUG] (4) goxlr_daemon::tts: Received TTS Message: Mic Muted
17:09:03 [DEBUG] (13) goxlr_daemon::device: Handling Button Down: Fader1Mute
17:09:03 [DEBUG] (4) goxlr_daemon::device: Handling Button Release: Fader1Mute, Has Long Press Handled: false
17:09:03 [DEBUG] (4) goxlr_daemon::device: Setting MicInputMute to 0
17:09:03 [DEBUG] (4) goxlr_daemon::device: IsStreamNoMusic: false
17:09:03 [DEBUG] (4) goxlr_daemon::device: Applying Routing to Microphone:
17:09:03 [DEBUG] (4) goxlr_daemon::tts: Received TTS Message: Mic unmuted
17:09:31 [DEBUG] (4) goxlr_daemon::device: Handling Button Down: Fader1Mute
17:09:31 [DEBUG] (13) goxlr_daemon::device: Handling Button Release: Fader1Mute, Has Long Press Handled: false
17:09:31 [DEBUG] (13) goxlr_daemon::device: IsStreamNoMusic: false
17:09:31 [DEBUG] (13) goxlr_daemon::device: Applying Routing to Microphone:
17:09:31 [DEBUG] (13) goxlr_daemon::tts: Received TTS Message: Mic Muted
17:09:31 [DEBUG] (4) goxlr_daemon::device: Handling Button Down: Fader1Mute
17:09:32 [DEBUG] (13) goxlr_daemon::device: Handling Button Release: Fader1Mute, Has Long Press Handled: false
17:09:32 [DEBUG] (13) goxlr_daemon::device: Setting MicInputMute to 0
17:09:32 [DEBUG] (13) goxlr_daemon::device: IsStreamNoMusic: false
17:09:32 [DEBUG] (13) goxlr_daemon::device: Applying Routing to Microphone:
17:09:32 [DEBUG] (13) goxlr_daemon::tts: Received TTS Message: Mic unmuted
17:09:33 [DEBUG] (4) goxlr_daemon::device: Handling Button Down: Fader1Mute
17:09:33 [DEBUG] (4) goxlr_daemon::device: Handling Button Release: Fader1Mute, Has Long Press Handled: false
17:09:33 [DEBUG] (4) goxlr_daemon::device: IsStreamNoMusic: false
17:09:33 [DEBUG] (4) goxlr_daemon::device: Applying Routing to Microphone:
17:09:33 [DEBUG] (4) goxlr_daemon::tts: Received TTS Message: Mic Muted
17:09:34 [DEBUG] (13) goxlr_daemon::device: Handling Button Down: Fader1Mute
17:09:34 [DEBUG] (4) goxlr_daemon::device: Handling Button Release: Fader1Mute, Has Long Press Handled: false
17:09:34 [DEBUG] (4) goxlr_daemon::device: Setting MicInputMute to 0
17:09:34 [DEBUG] (4) goxlr_daemon::device: IsStreamNoMusic: false
17:09:34 [DEBUG] (4) goxlr_daemon::device: Applying Routing to Microphone:
17:09:34 [DEBUG] (4) goxlr_daemon::tts: Received TTS Message: Mic unmuted
17:09:38 [DEBUG] (13) goxlr_daemon::device: Handling Button Down: Fader1Mute
17:09:38 [DEBUG] (13) goxlr_daemon::device: Handling Button Release: Fader1Mute, Has Long Press Handled: false
17:09:38 [DEBUG] (13) goxlr_daemon::device: IsStreamNoMusic: false
17:09:38 [DEBUG] (13) goxlr_daemon::device: Applying Routing to Microphone:
17:09:38 [DEBUG] (13) goxlr_daemon::tts: Received TTS Message: Mic Muted
17:09:39 [DEBUG] (13) goxlr_daemon::device: Handling Button Down: Fader1Mute
17:09:39 [DEBUG] (4) goxlr_daemon::device: Handling Button Release: Fader1Mute, Has Long Press Handled: false
17:09:39 [DEBUG] (4) goxlr_daemon::device: Setting MicInputMute to 0
17:09:39 [DEBUG] (4) goxlr_daemon::device: IsStreamNoMusic: false
17:09:39 [DEBUG] (4) goxlr_daemon::device: Applying Routing to Microphone:
17:09:39 [DEBUG] (4) goxlr_daemon::tts: Received TTS Message: Mic unmuted
17:09:50 [DEBUG] (17) goxlr_daemon::device: Handling Button Down: Fader1Mute
17:09:50 [DEBUG] (4) goxlr_daemon::device: Handling Button Release: Fader1Mute, Has Long Press Handled: false
17:09:50 [DEBUG] (4) goxlr_daemon::device: IsStreamNoMusic: false
17:09:50 [DEBUG] (4) goxlr_daemon::device: Applying Routing to Microphone:
17:09:50 [DEBUG] (4) goxlr_daemon::tts: Received TTS Message: Mic Muted
17:09:50 [DEBUG] (17) goxlr_daemon::device: Handling Button Down: Fader1Mute
17:09:51 [DEBUG] (4) goxlr_daemon::device: Handling Button Release: Fader1Mute, Has Long Press Handled: false
17:09:51 [DEBUG] (4) goxlr_daemon::device: Setting MicInputMute to 0
17:09:51 [DEBUG] (4) goxlr_daemon::device: IsStreamNoMusic: false
17:09:51 [DEBUG] (4) goxlr_daemon::device: Applying Routing to Microphone:
17:09:51 [DEBUG] (4) goxlr_daemon::tts: Received TTS Message: Mic unmuted
17:10:46 [DEBUG] (4) goxlr_daemon::device: Handling Button Down: Fader1Mute
17:10:46 [DEBUG] (17) goxlr_daemon::device: Handling Button Release: Fader1Mute, Has Long Press Handled: false
17:10:46 [DEBUG] (17) goxlr_daemon::device: IsStreamNoMusic: false
17:10:46 [DEBUG] (17) goxlr_daemon::device: Applying Routing to Microphone:
17:10:46 [DEBUG] (17) goxlr_daemon::tts: Received TTS Message: Mic Muted
17:10:47 [DEBUG] (4) goxlr_daemon::device: Handling Button Down: Fader1Mute
17:10:47 [DEBUG] (4) goxlr_daemon::device: Handling Button Release: Fader1Mute, Has Long Press Handled: false
17:10:47 [DEBUG] (4) goxlr_daemon::device: Setting MicInputMute to 0
17:10:47 [DEBUG] (4) goxlr_daemon::device: IsStreamNoMusic: false
17:10:47 [DEBUG] (4) goxlr_daemon::device: Applying Routing to Microphone:
17:10:47 [DEBUG] (4) goxlr_daemon::tts: Received TTS Message: Mic unmuted
17:10:55 [DEBUG] (4) goxlr_daemon::device: Handling Button Down: Fader1Mute
17:10:55 [DEBUG] (17) goxlr_daemon::device: Handling Button Release: Fader1Mute, Has Long Press Handled: false
17:10:55 [DEBUG] (17) goxlr_daemon::device: IsStreamNoMusic: false
17:10:55 [DEBUG] (17) goxlr_daemon::device: Applying Routing to Microphone:
17:10:55 [DEBUG] (17) goxlr_daemon::tts: Received TTS Message: Mic Muted
17:10:56 [DEBUG] (4) goxlr_daemon::device: Handling Button Down: Fader1Mute
17:10:56 [DEBUG] (17) goxlr_daemon::device: Handling Button Release: Fader1Mute, Has Long Press Handled: false
17:10:56 [DEBUG] (17) goxlr_daemon::device: Setting MicInputMute to 0
17:10:56 [DEBUG] (17) goxlr_daemon::device: IsStreamNoMusic: false
17:10:56 [DEBUG] (17) goxlr_daemon::device: Applying Routing to Microphone:
17:10:56 [DEBUG] (17) goxlr_daemon::tts: Received TTS Message: Mic unmuted
17:11:01 [DEBUG] (4) goxlr_profile_loader::profile: Creating Temporary Save File: "/home/mahiru/.local/share/goxlr-utility/profiles/Default.tmp"
17:11:01 [DEBUG] (4) goxlr_profile_loader::profile: Save Complete and synced, renaming to "/home/mahiru/.local/share/goxlr-utility/profiles/Default.goxlr"
17:11:01 [DEBUG] (4) goxlr_profile_loader::profile: Target profile exists, removing..
17:11:01 [DEBUG] (4) goxlr_profile_loader::profile: Renaming "/home/mahiru/.local/share/goxlr-utility/profiles/Default.tmp" to "/home/mahiru/.local/share/goxlr-utility/profiles/Default.goxlr"
17:11:04 [DEBUG] (17) goxlr_profile_loader::mic_profile: Creating Temporary Save File: "/home/mahiru/.local/share/goxlr-utility/mic-profiles/DEFAULT.tmp"
17:11:04 [DEBUG] (17) goxlr_profile_loader::mic_profile: Save Complete and synced, renaming to "/home/mahiru/.local/share/goxlr-utility/mic-profiles/DEFAULT.goxlrMicProfile"
17:11:04 [DEBUG] (17) goxlr_profile_loader::mic_profile: Target mic profile exists, removing..
17:11:04 [DEBUG] (17) goxlr_profile_loader::mic_profile: Renaming "/home/mahiru/.local/share/goxlr-utility/mic-profiles/DEFAULT.tmp" to "/home/mahiru/.local/share/goxlr-utility/mic-profiles/DEFAULT.goxlrMicProfile"
17:11:21 [DEBUG] (4) goxlr_daemon::device: Handling Button Down: Bleep
17:11:22 [DEBUG] (17) goxlr_daemon::device: Handling Button Release: Bleep, Has Long Press Handled: false
17:11:22 [DEBUG] (4) goxlr_daemon::device: Handling Button Down: Bleep
17:11:22 [DEBUG] (17) goxlr_daemon::device: Handling Button Hold: Bleep
17:11:22 [DEBUG] (17) goxlr_daemon::device: Handling Button Release: Bleep, Has Long Press Handled: true
17:11:23 [DEBUG] (4) goxlr_daemon::device: Handling Button Down: Bleep
17:11:23 [DEBUG] (17) goxlr_daemon::device: Handling Button Hold: Bleep
17:11:23 [DEBUG] (17) goxlr_daemon::device: Handling Button Release: Bleep, Has Long Press Handled: true
17:11:25 [DEBUG] (17) goxlr_daemon::device: Handling Button Down: MicrophoneMute
17:11:25 [DEBUG] (17) goxlr_daemon::device: Setting MicInputMute to 1
17:11:25 [DEBUG] (17) goxlr_daemon::device: IsStreamNoMusic: false
17:11:25 [DEBUG] (17) goxlr_daemon::device: Applying Routing to Microphone:
17:11:25 [DEBUG] (17) goxlr_daemon::tts: Received TTS Message: Mic Muted
17:11:25 [DEBUG] (4) goxlr_daemon::device: Handling Button Release: MicrophoneMute, Has Long Press Handled: false
17:11:25 [DEBUG] (4) goxlr_daemon::device: Setting MicInputMute to 0
17:11:25 [DEBUG] (4) goxlr_daemon::device: IsStreamNoMusic: false
17:11:25 [DEBUG] (4) goxlr_daemon::device: Applying Routing to Microphone:
17:11:25 [DEBUG] (4) goxlr_daemon::tts: Received TTS Message: Mic Unmuted
17:11:26 [DEBUG] (17) goxlr_daemon::device: Handling Button Down: MicrophoneMute
17:11:26 [DEBUG] (17) goxlr_daemon::device: Setting MicInputMute to 1
17:11:26 [DEBUG] (17) goxlr_daemon::device: IsStreamNoMusic: false
17:11:26 [DEBUG] (17) goxlr_daemon::device: Applying Routing to Microphone:
17:11:26 [DEBUG] (17) goxlr_daemon::tts: Received TTS Message: Mic Muted
17:11:26 [DEBUG] (4) goxlr_daemon::device: Handling Button Hold: MicrophoneMute
17:11:27 [DEBUG] (4) goxlr_daemon::device: Handling Button Release: MicrophoneMute, Has Long Press Handled: true
17:11:27 [DEBUG] (4) goxlr_daemon::device: Setting MicInputMute to 0
17:11:27 [DEBUG] (4) goxlr_daemon::device: IsStreamNoMusic: false
17:11:27 [DEBUG] (4) goxlr_daemon::device: Applying Routing to Microphone:
17:11:27 [DEBUG] (4) goxlr_daemon::tts: Received TTS Message: Mic Unmuted
17:11:27 [DEBUG] (17) goxlr_daemon::device: Handling Button Down: MicrophoneMute
17:11:27 [DEBUG] (17) goxlr_daemon::device: Setting MicInputMute to 1
17:11:27 [DEBUG] (17) goxlr_daemon::device: IsStreamNoMusic: false
17:11:27 [DEBUG] (17) goxlr_daemon::device: Applying Routing to Microphone:
17:11:28 [DEBUG] (17) goxlr_daemon::tts: Received TTS Message: Mic Muted
17:11:28 [DEBUG] (4) goxlr_daemon::device: Handling Button Hold: MicrophoneMute
17:11:30 [DEBUG] (4) goxlr_daemon::device: Handling Button Release: MicrophoneMute, Has Long Press Handled: true
17:11:30 [DEBUG] (4) goxlr_daemon::device: Setting MicInputMute to 0
17:11:30 [DEBUG] (4) goxlr_daemon::device: IsStreamNoMusic: false
17:11:30 [DEBUG] (4) goxlr_daemon::device: Applying Routing to Microphone:
17:11:30 [DEBUG] (4) goxlr_daemon::tts: Received TTS Message: Mic Unmuted
17:11:31 [DEBUG] (17) goxlr_daemon::device: Handling Button Down: MicrophoneMute
17:11:31 [DEBUG] (17) goxlr_daemon::device: Setting MicInputMute to 1
17:11:31 [DEBUG] (17) goxlr_daemon::device: IsStreamNoMusic: false
17:11:31 [DEBUG] (17) goxlr_daemon::device: Applying Routing to Microphone:
17:11:31 [DEBUG] (17) goxlr_daemon::tts: Received TTS Message: Mic Muted
17:11:31 [DEBUG] (4) goxlr_daemon::device: Handling Button Hold: MicrophoneMute
17:11:32 [DEBUG] (4) goxlr_daemon::device: Handling Button Release: MicrophoneMute, Has Long Press Handled: true
17:11:32 [DEBUG] (4) goxlr_daemon::device: Setting MicInputMute to 0
17:11:32 [DEBUG] (4) goxlr_daemon::device: IsStreamNoMusic: false
17:11:32 [DEBUG] (4) goxlr_daemon::device: Applying Routing to Microphone:
17:11:32 [DEBUG] (4) goxlr_daemon::tts: Received TTS Message: Mic Unmuted
17:11:36 [DEBUG] (17) goxlr_daemon::device: Handling Button Down: MicrophoneMute
17:11:36 [DEBUG] (17) goxlr_daemon::device: Setting MicInputMute to 1
17:11:36 [DEBUG] (17) goxlr_daemon::device: IsStreamNoMusic: false
17:11:36 [DEBUG] (17) goxlr_daemon::device: Applying Routing to Microphone:
17:11:36 [DEBUG] (17) goxlr_daemon::tts: Received TTS Message: Mic Muted
17:11:37 [DEBUG] (4) goxlr_daemon::device: Handling Button Release: MicrophoneMute, Has Long Press Handled: false
17:11:37 [DEBUG] (4) goxlr_daemon::device: Setting MicInputMute to 0
17:11:37 [DEBUG] (4) goxlr_daemon::device: IsStreamNoMusic: false
17:11:37 [DEBUG] (4) goxlr_daemon::device: Applying Routing to Microphone:
17:11:37 [DEBUG] (4) goxlr_daemon::tts: Received TTS Message: Mic Unmuted
17:11:49 [DEBUG] (17) goxlr_daemon::device: Handling Button Down: Fader2Mute
17:11:49 [DEBUG] (4) goxlr_daemon::device: Handling Button Release: Fader2Mute, Has Long Press Handled: false
17:11:49 [DEBUG] (4) goxlr_daemon::device: IsStreamNoMusic: false
17:11:49 [DEBUG] (4) goxlr_daemon::device: Applying Routing to Microphone:
17:11:49 [DEBUG] (4) goxlr_daemon::tts: Received TTS Message: Chat Muted
17:11:51 [DEBUG] (17) goxlr_daemon::device: Handling Button Down: Fader2Mute
17:11:51 [DEBUG] (4) goxlr_daemon::device: Handling Button Release: Fader2Mute, Has Long Press Handled: false
17:11:51 [DEBUG] (4) goxlr_daemon::device: Setting MicInputMute to 0
17:11:51 [DEBUG] (4) goxlr_daemon::device: IsStreamNoMusic: false
17:11:51 [DEBUG] (4) goxlr_daemon::device: Applying Routing to Microphone:
17:11:51 [DEBUG] (4) goxlr_daemon::tts: Received TTS Message: Chat unmuted
17:11:51 [DEBUG] (17) goxlr_daemon::device: Handling Button Down: Fader3Mute
17:11:51 [DEBUG] (17) goxlr_daemon::device: Handling Button Release: Fader3Mute, Has Long Press Handled: false
17:11:51 [DEBUG] (17) goxlr_daemon::tts: Received TTS Message: Music Muted
17:11:53 [DEBUG] (4) goxlr_daemon::device: Handling Button Down: Fader3Mute
17:11:53 [DEBUG] (17) goxlr_daemon::device: Handling Button Release: Fader3Mute, Has Long Press Handled: false
17:11:53 [DEBUG] (17) goxlr_daemon::device: Setting MicInputMute to 0
17:11:53 [DEBUG] (17) goxlr_daemon::tts: Received TTS Message: Music unmuted
17:11:56 [DEBUG] (4) goxlr_daemon::device: Handling Button Down: Fader3Mute
17:11:56 [DEBUG] (17) goxlr_daemon::device: Handling Button Release: Fader3Mute, Has Long Press Handled: false
17:11:56 [DEBUG] (17) goxlr_daemon::tts: Received TTS Message: Music Muted
17:11:57 [DEBUG] (4) goxlr_daemon::device: Handling Button Down: Fader3Mute
17:11:57 [DEBUG] (4) goxlr_daemon::device: Handling Button Release: Fader3Mute, Has Long Press Handled: false
17:11:57 [DEBUG] (4) goxlr_daemon::device: Setting MicInputMute to 0
17:11:57 [DEBUG] (4) goxlr_daemon::tts: Received TTS Message: Music unmuted
17:12:01 [DEBUG] (4) goxlr_daemon::device: Handling Button Down: Fader4Mute
17:12:01 [DEBUG] (4) goxlr_daemon::device: Handling Button Release: Fader4Mute, Has Long Press Handled: false
17:12:01 [DEBUG] (4) goxlr_daemon::tts: Received TTS Message: System Muted
17:12:01 [DEBUG] (17) goxlr_daemon::device: Handling Button Down: Fader4Mute
17:12:02 [DEBUG] (4) goxlr_daemon::device: Handling Button Release: Fader4Mute, Has Long Press Handled: false
17:12:02 [DEBUG] (4) goxlr_daemon::device: Setting MicInputMute to 0
17:12:02 [DEBUG] (4) goxlr_daemon::tts: Received TTS Message: System unmuted
17:12:07 [DEBUG] (4) goxlr_profile_loader::profile: Creating Temporary Save File: "/home/mahiru/.local/share/goxlr-utility/profiles/Default.tmp"
17:12:07 [DEBUG] (4) goxlr_profile_loader::profile: Save Complete and synced, renaming to "/home/mahiru/.local/share/goxlr-utility/profiles/Default.goxlr"
17:12:07 [DEBUG] (4) goxlr_profile_loader::profile: Target profile exists, removing..
17:12:07 [DEBUG] (4) goxlr_profile_loader::profile: Renaming "/home/mahiru/.local/share/goxlr-utility/profiles/Default.tmp" to "/home/mahiru/.local/share/goxlr-utility/profiles/Default.goxlr"
17:12:10 [DEBUG] (13) goxlr_profile_loader::mic_profile: Creating Temporary Save File: "/home/mahiru/.local/share/goxlr-utility/mic-profiles/DEFAULT.tmp"
17:12:10 [DEBUG] (13) goxlr_profile_loader::mic_profile: Save Complete and synced, renaming to "/home/mahiru/.local/share/goxlr-utility/mic-profiles/DEFAULT.goxlrMicProfile"
17:12:10 [DEBUG] (13) goxlr_profile_loader::mic_profile: Target mic profile exists, removing..
17:12:10 [DEBUG] (13) goxlr_profile_loader::mic_profile: Renaming "/home/mahiru/.local/share/goxlr-utility/mic-profiles/DEFAULT.tmp" to "/home/mahiru/.local/share/goxlr-utility/mic-profiles/DEFAULT.goxlrMicProfile"
17:13:16 [DEBUG] (13) goxlr_daemon::device: Updating System volume from 228 to 222 as a human moved the fader
17:13:16 [DEBUG] (13) goxlr_daemon::device: Updating System volume from 222 to 214 as a human moved the fader
17:13:16 [DEBUG] (13) goxlr_daemon::device: Updating System volume from 214 to 207 as a human moved the fader
17:13:16 [DEBUG] (13) goxlr_daemon::device: Updating System volume from 207 to 197 as a human moved the fader
17:13:16 [DEBUG] (13) goxlr_daemon::device: Updating System volume from 197 to 185 as a human moved the fader
17:13:16 [DEBUG] (13) goxlr_daemon::device: Updating System volume from 185 to 175 as a human moved the fader
17:13:16 [DEBUG] (13) goxlr_daemon::device: Updating System volume from 175 to 163 as a human moved the fader
17:13:16 [DEBUG] (13) goxlr_daemon::device: Updating System volume from 163 to 148 as a human moved the fader
17:13:17 [DEBUG] (13) goxlr_daemon::device: Updating System volume from 148 to 133 as a human moved the fader
17:13:17 [DEBUG] (13) goxlr_daemon::device: Updating System volume from 133 to 124 as a human moved the fader
17:13:17 [DEBUG] (13) goxlr_daemon::device: Updating System volume from 124 to 114 as a human moved the fader
17:13:17 [DEBUG] (13) goxlr_daemon::device: Updating System volume from 114 to 108 as a human moved the fader
17:13:17 [DEBUG] (13) goxlr_daemon::device: Updating System volume from 108 to 104 as a human moved the fader
17:13:17 [DEBUG] (13) goxlr_daemon::device: Updating System volume from 104 to 102 as a human moved the fader
17:13:17 [DEBUG] (13) goxlr_daemon::device: Updating System volume from 102 to 106 as a human moved the fader
17:13:17 [DEBUG] (13) goxlr_daemon::device: Updating System volume from 106 to 113 as a human moved the fader
17:13:17 [DEBUG] (13) goxlr_daemon::device: Updating System volume from 113 to 121 as a human moved the fader
17:13:17 [DEBUG] (13) goxlr_daemon::device: Updating System volume from 121 to 137 as a human moved the fader
17:13:17 [DEBUG] (13) goxlr_daemon::device: Updating System volume from 137 to 147 as a human moved the fader
17:13:17 [DEBUG] (13) goxlr_daemon::device: Updating System volume from 147 to 162 as a human moved the fader
17:13:17 [DEBUG] (13) goxlr_daemon::device: Updating System volume from 162 to 173 as a human moved the fader
17:13:17 [DEBUG] (13) goxlr_daemon::device: Updating System volume from 173 to 184 as a human moved the fader
17:13:17 [DEBUG] (13) goxlr_daemon::device: Updating System volume from 184 to 194 as a human moved the fader
17:13:17 [DEBUG] (13) goxlr_daemon::device: Updating System volume from 194 to 202 as a human moved the fader
17:13:17 [DEBUG] (13) goxlr_daemon::device: Updating System volume from 202 to 206 as a human moved the fader
17:13:17 [DEBUG] (13) goxlr_daemon::device: Updating System volume from 206 to 208 as a human moved the fader
17:16:18 [DEBUG] (17) goxlr_profile_loader::profile: Creating Temporary Save File: "/home/mahiru/.local/share/goxlr-utility/profiles/Default.tmp"
17:16:18 [DEBUG] (17) goxlr_profile_loader::profile: Save Complete and synced, renaming to "/home/mahiru/.local/share/goxlr-utility/profiles/Default.goxlr"
17:16:18 [DEBUG] (17) goxlr_profile_loader::profile: Target profile exists, removing..
17:16:18 [DEBUG] (17) goxlr_profile_loader::profile: Renaming "/home/mahiru/.local/share/goxlr-utility/profiles/Default.tmp" to "/home/mahiru/.local/share/goxlr-utility/profiles/Default.goxlr"
17:16:20 [DEBUG] (13) goxlr_profile_loader::mic_profile: Creating Temporary Save File: "/home/mahiru/.local/share/goxlr-utility/mic-profiles/DEFAULT.tmp"
17:16:20 [DEBUG] (13) goxlr_profile_loader::mic_profile: Save Complete and synced, renaming to "/home/mahiru/.local/share/goxlr-utility/mic-profiles/DEFAULT.goxlrMicProfile"
17:16:20 [DEBUG] (13) goxlr_profile_loader::mic_profile: Target mic profile exists, removing..
17:16:20 [DEBUG] (13) goxlr_profile_loader::mic_profile: Renaming "/home/mahiru/.local/share/goxlr-utility/mic-profiles/DEFAULT.tmp" to "/home/mahiru/.local/share/goxlr-utility/mic-profiles/DEFAULT.goxlrMicProfile"
17:26:08 [INFO] Starting GoXLR Daemon v1.2.4
17:26:08 [INFO] System Locale: en_US
17:26:08 [INFO] Performing Platform Preflight...
17:26:08 [DEBUG] (1) goxlr_daemon: HTTP Bind Address: localhost
17:26:08 [DEBUG] (1) goxlr_daemon::servers::ipc_server: Connection Failed. Socket File is stale, removing..
17:26:08 [INFO] Bound IPC Socket @ Name(UdSocketPath("/tmp/goxlr.socket"))
17:26:08 [DEBUG] (13) goxlr_daemon::platform::linux::autostart: Found XDG AutoStart Path: "/home/mahiru/.config/autostart"
17:26:08 [DEBUG] (15) goxlr_daemon::servers::ipc_server: Running IPC Server..
17:26:08 [INFO] Started GoXLR configuration interface at http://localhost:14564/
17:26:08 [INFO] Starting TTS Service..
17:26:08 [DEBUG] (10) goxlr_daemon::platform::linux::sleep: Spawning Sleep Handler..
17:26:08 [DEBUG] (14) goxlr_daemon::events: Starting Event Loop..
17:26:08 [INFO] Connected to possible GoXLR device at Bus 001 Device 004: ID 1220:8fe4
17:26:08 [DEBUG] (2) goxlr_usb::device::libusb::device: Handling initial request
17:26:09 [DEBUG] (13) goxlr_daemon::primary_worker: Performing Firmware Version Check..
17:26:09 [DEBUG] (13) goxlr_daemon::platform::linux::sleep: Attempting to Inhibit Sleep..
17:26:09 [DEBUG] (13) goxlr_daemon::platform::linux::sleep: Inhibitor Successfully Established.
17:26:09 [DEBUG] (13) goxlr_daemon::platform::linux::sleep: Awaiting Result from 'PrepareForSleep'
17:26:09 [DEBUG] (13) goxlr_daemon::platform::linux::sleep: Preparing Lock Proxy..
17:26:09 [DEBUG] (13) goxlr_daemon::platform::linux::sleep: Entering Signal Loop..
17:26:09 [DEBUG] (2) goxlr_daemon::device: New Device Loading..
17:26:09 [INFO] Configuring GoXLR Mini, Profile: Default, Mic Profile: DEFAULT
17:26:09 [DEBUG] (2) goxlr_daemon::profile: Loading Profile From /home/mahiru/.local/share/goxlr-utility/profiles/Default.goxlr
17:26:09 [DEBUG] (2) goxlr_profile_loader::profile: Loading Profile Archive..
17:26:09 [DEBUG] (2) goxlr_profile_loader::profile: Attempting to read profile.xml..
17:26:09 [DEBUG] (2) goxlr_profile_loader::profile: Preparing Structure..
17:26:09 [DEBUG] (2) goxlr_profile_loader::profile: MixRoutingTree { mix: {Headphones: A, Broadcast: A, LineOut: A, ChatMic: A, Sampler: A, StreamMix2: A} }
17:26:09 [DEBUG] (2) goxlr_profile_loader::profile: SubMixer { submix_enabled: false, volume_table: {Mic: 0, Chat: 0, Music: 0, Game: 0, Console: 0, LineIn: 0, System: 0, Sample: 0}, monitor_tree: MonitorTree { monitored_output: Headphones, headphone_mix: A, routing: {Mic: 8192, Chat: 8192, Music: 8192, Game: 8192, Console: 8192, LineIn: 8192, System: 8192, Sample: 8192} }, linking_tree: LinkingTree { linked_list: {Mic: true, Chat: true, Music: true, Game: true, Console: true, LineIn: true, System: true, Sample: true}, linked_ratio: {Mic: 1.0, Chat: 1.0, Music: 1.0, Game: 1.0, Console: 1.0, LineIn: 1.0, System: 1.0, Sample: 1.0} } }
17:26:09 [DEBUG] (2) goxlr_daemon::device: Profile Successfully Loaded, Performing Backup..
17:26:09 [DEBUG] (2) goxlr_profile_loader::profile: Creating Temporary Save File: "/home/mahiru/.local/share/goxlr-utility/backups/Default.tmp"
17:26:09 [DEBUG] (2) goxlr_profile_loader::profile: Save Complete and synced, renaming to "/home/mahiru/.local/share/goxlr-utility/backups/Default.goxlr"
17:26:09 [DEBUG] (2) goxlr_profile_loader::profile: Target profile exists, removing..
17:26:09 [DEBUG] (2) goxlr_profile_loader::profile: Renaming "/home/mahiru/.local/share/goxlr-utility/backups/Default.tmp" to "/home/mahiru/.local/share/goxlr-utility/backups/Default.goxlr"
17:26:09 [DEBUG] (2) goxlr_daemon::device: Main Profile Backup Complete
17:26:09 [DEBUG] (2) goxlr_daemon::device: Mic Profile Successfully Loaded, Performing Backup..
17:26:09 [DEBUG] (2) goxlr_profile_loader::mic_profile: Creating Temporary Save File: "/home/mahiru/.local/share/goxlr-utility/backups/DEFAULT.tmp"
17:26:09 [DEBUG] (2) goxlr_profile_loader::mic_profile: Save Complete and synced, renaming to "/home/mahiru/.local/share/goxlr-utility/backups/DEFAULT.goxlrMicProfile"
17:26:09 [DEBUG] (2) goxlr_profile_loader::mic_profile: Target mic profile exists, removing..
17:26:09 [DEBUG] (2) goxlr_profile_loader::mic_profile: Renaming "/home/mahiru/.local/share/goxlr-utility/backups/DEFAULT.tmp" to "/home/mahiru/.local/share/goxlr-utility/backups/DEFAULT.goxlrMicProfile"
17:26:09 [DEBUG] (2) goxlr_daemon::device: Mic Profile Backup Complete
17:26:09 [DEBUG] (2) goxlr_daemon::device: Not Spawning Audio Handler, Device is Mini!
17:26:09 [DEBUG] (2) goxlr_daemon::device: --- DEVICE INFO ---
17:26:09 [DEBUG] (2) goxlr_daemon::device: Serial: "S211201578DI7"
17:26:09 [DEBUG] (2) goxlr_daemon::device: Firmware: 1.1.8.43
17:26:09 [DEBUG] (2) goxlr_daemon::device: DICE: 1.1.8.43
17:26:09 [DEBUG] (2) goxlr_daemon::device: Type: Mini
17:26:09 [DEBUG] (2) goxlr_daemon::device: -------------------
17:26:09 [DEBUG] (2) goxlr_daemon::device: Applying Profile..
17:26:09 [DEBUG] (2) goxlr_daemon::device: Setting Faders..
17:26:09 [DEBUG] (2) goxlr_daemon::device: Setting Fader A to Mic
17:26:09 [DEBUG] (2) goxlr_daemon::device: Setting Fader B to Chat
17:26:09 [DEBUG] (2) goxlr_daemon::device: Setting Fader C to Music
17:26:09 [DEBUG] (16) goxlr_daemon::primary_worker: Firmware Update Process Finished
17:26:09 [DEBUG] (2) goxlr_daemon::device: Setting Fader D to System
17:26:09 [DEBUG] (2) goxlr_daemon::device: Setting Mute States..
17:26:09 [DEBUG] (2) goxlr_daemon::device: Applying Microphone Mute State
17:26:09 [DEBUG] (2) goxlr_daemon::device: Setting Mic to Unmuted
17:26:09 [DEBUG] (2) goxlr_daemon::device: Unknown Channel state for LineIn, Unmuting.
17:26:09 [DEBUG] (2) goxlr_daemon::device: Unknown Channel state for Console, Unmuting.
17:26:09 [DEBUG] (2) goxlr_daemon::device: Channel System on Fader, Loading State from Profile
17:26:09 [DEBUG] (2) goxlr_daemon::device: Channel System set to Unmuted (no previous)
17:26:09 [DEBUG] (2) goxlr_daemon::device: Unknown Channel state for Game, Unmuting.
17:26:09 [DEBUG] (2) goxlr_daemon::device: Channel Chat on Fader, Loading State from Profile
17:26:09 [DEBUG] (2) goxlr_daemon::device: Channel Chat set to Unmuted (no previous)
17:26:09 [DEBUG] (2) goxlr_daemon::device: Unknown Channel state for Sample, Unmuting.
17:26:09 [DEBUG] (2) goxlr_daemon::device: Channel Music on Fader, Loading State from Profile
17:26:09 [DEBUG] (2) goxlr_daemon::device: Channel Music set to Unmuted (no previous)
17:26:09 [DEBUG] (2) goxlr_daemon::device: Unknown Channel state for Headphones, Unmuting.
17:26:09 [DEBUG] (2) goxlr_daemon::device: Unknown Channel state for MicMonitor, Unmuting.
17:26:09 [DEBUG] (2) goxlr_daemon::device: Unknown Channel state for LineOut, Unmuting.
17:26:09 [DEBUG] (2) goxlr_daemon::device: Setting Channel Volumes..
17:26:09 [DEBUG] (2) goxlr_daemon::device: No reference volumes, sending channels in order
17:26:09 [DEBUG] (2) goxlr_daemon::device: Setting volume for Mic to 205
17:26:09 [DEBUG] (2) goxlr_daemon::device: Setting volume for LineIn to 128
17:26:09 [DEBUG] (2) goxlr_daemon::device: Setting volume for Console to 128
17:26:09 [DEBUG] (2) goxlr_daemon::device: Setting volume for System to 208
17:26:09 [DEBUG] (2) goxlr_daemon::device: Setting volume for Game to 128
17:26:09 [DEBUG] (2) goxlr_daemon::device: Setting volume for Chat to 142
17:26:09 [DEBUG] (2) goxlr_daemon::device: Setting volume for Sample to 255
17:26:09 [DEBUG] (2) goxlr_daemon::device: Setting volume for Music to 157
17:26:09 [DEBUG] (2) goxlr_daemon::device: Setting volume for Headphones to 255
17:26:09 [DEBUG] (2) goxlr_daemon::device: Setting volume for MicMonitor to 176
17:26:09 [DEBUG] (2) goxlr_daemon::device: Setting volume for LineOut to 255
17:26:09 [DEBUG] (2) goxlr_daemon::device: Applying Submixing Settings..
17:26:09 [DEBUG] (2) goxlr_daemon::device: Loading Colour Map..
17:26:09 [DEBUG] (2) goxlr_daemon::device: Setting Fader display modes..
17:26:09 [DEBUG] (2) goxlr_daemon::device: Setting display for A
17:26:09 [DEBUG] (2) goxlr_daemon::device: Setting display for B
17:26:09 [DEBUG] (2) goxlr_daemon::device: Setting display for C
17:26:09 [DEBUG] (2) goxlr_daemon::device: Setting display for D
17:26:09 [DEBUG] (2) goxlr_daemon::device: Updating button states..
17:26:09 [DEBUG] (2) goxlr_daemon::device: Applying Routing..
17:26:09 [DEBUG] (2) goxlr_daemon::device: IsStreamNoMusic: false
17:26:09 [DEBUG] (2) goxlr_daemon::device: Applying Routing to Microphone:
17:26:09 [DEBUG] (2) goxlr_daemon::device: IsStreamNoMusic: false
17:26:09 [DEBUG] (2) goxlr_daemon::device: Applying Routing to Chat:
17:26:09 [DEBUG] (2) goxlr_daemon::device: IsStreamNoMusic: false
17:26:09 [DEBUG] (2) goxlr_daemon::device: Applying Routing to Music:
17:26:09 [DEBUG] (2) goxlr_daemon::device: Light HardTune Enabled for Channel: Music
17:26:09 [DEBUG] (2) goxlr_daemon::device: IsStreamNoMusic: false
17:26:09 [DEBUG] (2) goxlr_daemon::device: Applying Routing to Game:
17:26:09 [DEBUG] (2) goxlr_daemon::device: Light HardTune Enabled for Channel: Game
17:26:09 [DEBUG] (2) goxlr_daemon::device: IsStreamNoMusic: false
17:26:09 [DEBUG] (2) goxlr_daemon::device: Applying Routing to Console:
17:26:09 [DEBUG] (2) goxlr_daemon::device: IsStreamNoMusic: false
17:26:09 [DEBUG] (2) goxlr_daemon::device: Applying Routing to LineIn:
17:26:09 [DEBUG] (2) goxlr_daemon::device: Light HardTune Enabled for Channel: LineIn
17:26:09 [DEBUG] (2) goxlr_daemon::device: IsStreamNoMusic: false
17:26:09 [DEBUG] (2) goxlr_daemon::device: Applying Routing to System:
17:26:09 [DEBUG] (2) goxlr_daemon::device: Light HardTune Enabled for Channel: System
17:26:09 [DEBUG] (2) goxlr_daemon::device: IsStreamNoMusic: false
17:26:09 [DEBUG] (2) goxlr_daemon::device: Applying Routing to Samples:
17:26:10 [DEBUG] (2) goxlr_daemon::device: Applying Voice FX
17:26:10 [DEBUG] (2) goxlr_daemon::device: Validating Sampler Configuration..
17:26:10 [DEBUG] (2) goxlr_daemon::device: Setting Equalizer250HzGain to 0
17:26:10 [DEBUG] (2) goxlr_daemon::device: Setting CompressorThreshold to 0
17:26:10 [DEBUG] (2) goxlr_daemon::device: Setting GateRelease to 19
17:26:10 [DEBUG] (2) goxlr_daemon::device: Setting Equalizer125HzFrequency to 63
17:26:10 [DEBUG] (2) goxlr_daemon::device: Setting GateMode to 2
17:26:10 [DEBUG] (2) goxlr_daemon::device: Setting Equalizer500HzFrequency to 111
17:26:10 [DEBUG] (2) goxlr_daemon::device: Setting Equalizer250HzFrequency to 87
17:26:10 [DEBUG] (2) goxlr_daemon::device: Setting Equalizer31HzFrequency to 16
17:26:10 [DEBUG] (2) goxlr_daemon::device: Setting Equalizer63HzFrequency to 40
17:26:10 [DEBUG] (2) goxlr_daemon::device: Setting Equalizer8KHzGain to 0
17:26:10 [DEBUG] (2) goxlr_daemon::device: Setting CompressorRelease to 9
17:26:10 [DEBUG] (2) goxlr_daemon::device: Setting Equalizer2KHzGain to 0
17:26:10 [DEBUG] (2) goxlr_daemon::device: Setting Equalizer125HzGain to 0
17:26:10 [DEBUG] (2) goxlr_daemon::device: Setting Equalizer1KHzGain to 0
17:26:10 [DEBUG] (2) goxlr_daemon::device: Setting GateEnabled to 1
17:26:10 [DEBUG] (2) goxlr_daemon::device: Setting GateThreshold to -59
17:26:10 [DEBUG] (2) goxlr_daemon::device: Setting CompressorMakeUpGain to 0
17:26:10 [DEBUG] (2) goxlr_daemon::device: Setting DeEsser to 0
17:26:10 [DEBUG] (2) goxlr_daemon::device: Setting Equalizer4KHzFrequency to 183
17:26:10 [DEBUG] (2) goxlr_daemon::device: Setting GateAttenuation to -61
17:26:10 [DEBUG] (2) goxlr_daemon::device: Setting MicInputMute to 0
17:26:10 [DEBUG] (2) goxlr_daemon::device: Setting Equalizer16KHzFrequency to 231
17:26:10 [DEBUG] (2) goxlr_daemon::device: Setting Equalizer2KHzFrequency to 159
17:26:10 [DEBUG] (2) goxlr_daemon::device: Setting CompressorRatio to 9
17:26:10 [DEBUG] (2) goxlr_daemon::device: Setting Equalizer16KHzGain to 0
17:26:10 [DEBUG] (2) goxlr_daemon::device: Setting GateAttack to 0
17:26:10 [DEBUG] (2) goxlr_daemon::device: Setting Equalizer63HzGain to 0
17:26:10 [DEBUG] (2) goxlr_daemon::device: Setting Equalizer500HzGain to 0
17:26:10 [DEBUG] (2) goxlr_daemon::device: Setting Equalizer4KHzGain to 0
17:26:10 [DEBUG] (2) goxlr_daemon::device: Setting Equalizer8KHzFrequency to 207
17:26:10 [DEBUG] (2) goxlr_daemon::device: Setting Equalizer31HzGain to 0
17:26:10 [DEBUG] (2) goxlr_daemon::device: Setting BleepLevel to -10
17:26:10 [DEBUG] (2) goxlr_daemon::device: Setting Equalizer1KHzFrequency to 135
17:26:10 [DEBUG] (2) goxlr_daemon::device: Setting CompressorAttack to 1
17:26:10 [DEBUG] (2) goxlr_daemon::settings: Saving Settings
17:26:10 [DEBUG] (2) goxlr_daemon::settings: Creating Temporary Save File: "/home/mahiru/.config/goxlr-utility/settings.tmp"
17:26:10 [DEBUG] (2) goxlr_daemon::settings: Save Complete and synced, renaming to "/home/mahiru/.config/goxlr-utility/settings.json"
17:26:10 [DEBUG] (2) goxlr_daemon::settings: Target exists, removing..
17:26:10 [DEBUG] (2) goxlr_daemon::settings: Renaming "/home/mahiru/.config/goxlr-utility/settings.tmp" to "/home/mahiru/.config/goxlr-utility/settings.json"
17:26:10 [DEBUG] (2) goxlr_daemon::settings: Settings Saved.
17:26:10 [DEBUG] (13) goxlr_daemon::device: Updating Music volume from 157 to 128 as a human moved the fader
17:26:10 [DEBUG] (13) goxlr_daemon::device: Updating System volume from 208 to 188 as a human moved the fader
17:26:17 [DEBUG] (17) goxlr_daemon::device: Handling Button Down: Fader1Mute
17:26:17 [DEBUG] (17) goxlr_daemon::device: Handling Button Release: Fader1Mute, Has Long Press Handled: false
17:26:17 [DEBUG] (17) goxlr_daemon::device: IsStreamNoMusic: false
17:26:17 [DEBUG] (17) goxlr_daemon::device: Applying Routing to Microphone:
17:26:17 [DEBUG] (17) goxlr_daemon::tts: Received TTS Message: Mic Muted
17:26:18 [DEBUG] (2) goxlr_daemon::device: Handling Button Down: Fader1Mute
17:26:18 [DEBUG] (2) goxlr_daemon::device: Handling Button Release: Fader1Mute, Has Long Press Handled: false
17:26:18 [DEBUG] (2) goxlr_daemon::device: Setting MicInputMute to 0
17:26:18 [DEBUG] (2) goxlr_daemon::device: IsStreamNoMusic: false
17:26:18 [DEBUG] (2) goxlr_daemon::device: Applying Routing to Microphone:
17:26:18 [DEBUG] (2) goxlr_daemon::tts: Received TTS Message: Mic unmuted
17:27:27 [DEBUG] (2) goxlr_daemon::device: Updating Music volume from 128 to 158 as a human moved the fader
17:27:27 [DEBUG] (2) goxlr_daemon::device: Updating Music volume from 158 to 160 as a human moved the fader
17:27:27 [DEBUG] (2) goxlr_daemon::device: Updating Music volume from 160 to 162 as a human moved the fader
17:27:27 [DEBUG] (2) goxlr_daemon::device: Updating Music volume from 162 to 164 as a human moved the fader
17:27:27 [DEBUG] (2) goxlr_daemon::device: Updating Music volume from 164 to 168 as a human moved the fader
17:27:27 [DEBUG] (2) goxlr_daemon::device: Updating Music volume from 168 to 170 as a human moved the fader
17:27:27 [DEBUG] (2) goxlr_daemon::device: Updating Music volume from 170 to 172 as a human moved the fader
17:27:27 [DEBUG] (2) goxlr_daemon::device: Updating Music volume from 172 to 174 as a human moved the fader
17:27:27 [DEBUG] (2) goxlr_daemon::device: Updating Music volume from 174 to 176 as a human moved the fader
17:27:27 [DEBUG] (2) goxlr_daemon::device: Updating Music volume from 176 to 178 as a human moved the fader
17:27:27 [DEBUG] (2) goxlr_daemon::device: Updating Music volume from 178 to 180 as a human moved the fader
17:27:27 [DEBUG] (2) goxlr_daemon::device: Updating Music volume from 180 to 182 as a human moved the fader
17:27:27 [DEBUG] (2) goxlr_daemon::device: Updating Music volume from 182 to 184 as a human moved the fader
17:27:27 [DEBUG] (2) goxlr_daemon::device: Updating Music volume from 184 to 186 as a human moved the fader
17:27:27 [DEBUG] (2) goxlr_daemon::device: Updating Music volume from 186 to 188 as a human moved the fader
17:27:27 [DEBUG] (2) goxlr_daemon::device: Updating Music volume from 188 to 190 as a human moved the fader
